plate_name,download_url,tissue,subtissue,mouse.id,mouse.age,mouse.sex,mouse.number,FACS.selection,median_number_of_input_reads,median_uniquely_mapped_reads_%
B000610,https://s3.amazonaws.com/czbiohub-maca/gc_table_by_plates_processed_remux_redux_zipped/B000610.zip,Bladder,,3_56_F,3,F,56,Multiple,482084.0,85.88499999999999
D042253,https://s3.amazonaws.com/czbiohub-maca/gc_table_by_plates_processed_remux_redux_zipped/D042253.zip,Bladder,,3_9_M,3,M,9,Multiple,10713.5,81.125
B002771,https://s3.amazonaws.com/czbiohub-maca/gc_table_by_plates_processed_remux_redux_zipped/B002771.zip,Bladder,,3_39_F,3,F,39,Multiple,474393.0,85.875
B002764,https://s3.amazonaws.com/czbiohub-maca/gc_table_by_plates_processed_remux_redux_zipped/B002764.zip,Bladder,,3_38_F,3,F,38,Multiple,146313.5,84.67
MAA000487,https://s3.amazonaws.com/czbiohub-maca/gc_table_by_plates_processed_remux_redux_zipped/MAA000487.zip,Bladder,,3_10_M,3,M,10,Multiple,486860.5,84.9
D041914,https://s3.amazonaws.com/czbiohub-maca/gc_table_by_plates_processed_remux_redux_zipped/D041914.zip,Bladder,,3_8_M,3,M,8,Multiple,27854.0,80.79499999999999
B000826,https://s3.amazonaws.com/czbiohub-maca/gc_table_by_plates_processed_remux_redux_zipped/B000826.zip,Brain,Cortex,3_39_F,3,F,39,Microglia,388555.5,87.325
MAA000572,https://s3.amazonaws.com/czbiohub-maca/gc_table_by_plates_processed_remux_redux_zipped/MAA000572.zip,Brain,Cortex,3_8_M,3,M,8,Microglia,485226.5,85.765
B003292,https://s3.amazonaws.com/czbiohub-maca/gc_table_by_plates_processed_remux_redux_zipped/B003292.zip,Brain,Striatum,3_39_F,3,F,39,Microglia,541576.5,89.49
MAA000578,https://s3.amazonaws.com/czbiohub-maca/gc_table_by_plates_processed_remux_redux_zipped/MAA000578.zip,Brain,Cerebellum,3_10_M,3,M,10,Neurons,15734.5,75.92
B003728,https://s3.amazonaws.com/czbiohub-maca/gc_table_by_plates_processed_remux_redux_zipped/B003728.zip,Brain,Striatum,3_56_F,3,F,56,Neurons,199112.0,67.315
B003275,https://s3.amazonaws.com/czbiohub-maca/gc_table_by_plates_processed_remux_redux_zipped/B003275.zip,Brain,Hippocampus,3_38_F,3,F,38,Neurons,328005.5,84.75999999999999
MAA000935,https://s3.amazonaws.com/czbiohub-maca/gc_table_by_plates_processed_remux_redux_zipped/MAA000935.zip,Brain,Hippocampus,3_8_M,3,M,8,Neurons,54207.5,76.435
MAA000581,https://s3.amazonaws.com/czbiohub-maca/gc_table_by_plates_processed_remux_redux_zipped/MAA000581.zip,Brain,Cerebellum,3_10_M,3,M,10,Neurons,126938.5,80.39
MAA001856,https://s3.amazonaws.com/czbiohub-maca/gc_table_by_plates_processed_remux_redux_zipped/MAA001856.zip,Brain,Cerebellum,3_39_F,3,F,39,Neurons,421949.5,86.65
MAA000563,https://s3.amazonaws.com/czbiohub-maca/gc_table_by_plates_processed_remux_redux_zipped/MAA000563.zip,Brain,Hippocampus,3_10_M,3,M,10,Neurons,76708.0,61.04
MAA000591,https://s3.amazonaws.com/czbiohub-maca/gc_table_by_plates_processed_remux_redux_zipped/MAA000591.zip,Brain,Hippocampus,3_8_M,3,M,8,Microglia,409312.5,66.42500000000001
MAA001854,https://s3.amazonaws.com/czbiohub-maca/gc_table_by_plates_processed_remux_redux_zipped/MAA001854.zip,Brain,Cerebellum,3_38_F,3,F,38,Neurons,334686.5,86.405
MAA001871,https://s3.amazonaws.com/czbiohub-maca/gc_table_by_plates_processed_remux_redux_zipped/MAA001871.zip,Brain,Cerebellum,3_39_F,3,F,39,Microglia,520739.0,78.91
MAA000930,https://s3.amazonaws.com/czbiohub-maca/gc_table_by_plates_processed_remux_redux_zipped/MAA000930.zip,Brain,Cortex,3_8_M,3,M,8,Neurons,387876.0,86.44
MAA000924,https://s3.amazonaws.com/czbiohub-maca/gc_table_by_plates_processed_remux_redux_zipped/MAA000924.zip,Brain,Cerebellum,3_8_M,3,M,8,Neurons,240805.0,44.3
MAA000641,https://s3.amazonaws.com/czbiohub-maca/gc_table_by_plates_processed_remux_redux_zipped/MAA000641.zip,Brain,Cerebellum,3_9_M,3,M,9,Multiple,231055.5,40.095
MAA000593,https://s3.amazonaws.com/czbiohub-maca/gc_table_by_plates_processed_remux_redux_zipped/MAA000593.zip,Brain,Striatum,3_8_M,3,M,8,Microglia,26822.5,74.96000000000001
MAA001853,https://s3.amazonaws.com/czbiohub-maca/gc_table_by_plates_processed_remux_redux_zipped/MAA001853.zip,Brain,Cerebellum,3_38_F,3,F,38,Neurons,22951.5,64.63499999999999
MAA000571,https://s3.amazonaws.com/czbiohub-maca/gc_table_by_plates_processed_remux_redux_zipped/MAA000571.zip,Brain,Cerebellum,3_9_M,3,M,9,Microglia,512473.0,85.63
MAA000605,https://s3.amazonaws.com/czbiohub-maca/gc_table_by_plates_processed_remux_redux_zipped/MAA000605.zip,Brain,Cerebellum,3_10_M,3,M,10,Microglia,254245.0,83.435
MAA000550,https://s3.amazonaws.com/czbiohub-maca/gc_table_by_plates_processed_remux_redux_zipped/MAA000550.zip,Brain,Hippocampus,3_10_M,3,M,10,Neurons,3859.5,73.695
B003274,https://s3.amazonaws.com/czbiohub-maca/gc_table_by_plates_processed_remux_redux_zipped/B003274.zip,Brain,Striatum,3_38_F,3,F,38,Neurons,433682.5,83.685
MAA000570,https://s3.amazonaws.com/czbiohub-maca/gc_table_by_plates_processed_remux_redux_zipped/MAA000570.zip,Brain,Cerebellum,3_8_M,3,M,8,Microglia,418185.0,81.44999999999999
MAA000944,https://s3.amazonaws.com/czbiohub-maca/gc_table_by_plates_processed_remux_redux_zipped/MAA000944.zip,Brain,Cortex,3_9_M,3,M,9,Neurons,235919.0,85.13
MAA000590,https://s3.amazonaws.com/czbiohub-maca/gc_table_by_plates_processed_remux_redux_zipped/MAA000590.zip,Brain,Striatum,3_9_M,3,M,9,Microglia,561701.0,82.45500000000001
MAA000928,https://s3.amazonaws.com/czbiohub-maca/gc_table_by_plates_processed_remux_redux_zipped/MAA000928.zip,Brain,Cerebellum,3_9_M,3,M,9,Neurons,55881.0,72.85
B003279,https://s3.amazonaws.com/czbiohub-maca/gc_table_by_plates_processed_remux_redux_zipped/B003279.zip,Brain,Cerebellum,3_38_F,3,F,38,Microglia,584398.0,83.93
MAA000617,https://s3.amazonaws.com/czbiohub-maca/gc_table_by_plates_processed_remux_redux_zipped/MAA000617.zip,Brain,Striatum,3_10_M,3,M,10,Microglia,264132.0,84.245
MAA000925,https://s3.amazonaws.com/czbiohub-maca/gc_table_by_plates_processed_remux_redux_zipped/MAA000925.zip,Brain,Striatum,3_9_M,3,M,9,Neurons,317158.5,83.445
B003281,https://s3.amazonaws.com/czbiohub-maca/gc_table_by_plates_processed_remux_redux_zipped/B003281.zip,Brain,Hippocampus,3_39_F,3,F,39,Microglia,368677.5,85.4
MAA000615,https://s3.amazonaws.com/czbiohub-maca/gc_table_by_plates_processed_remux_redux_zipped/MAA000615.zip,Brain,Striatum,3_10_M,3,M,10,Neurons,52546.0,54.92
B003290,https://s3.amazonaws.com/czbiohub-maca/gc_table_by_plates_processed_remux_redux_zipped/B003290.zip,Brain,Striatum,3_38_F,3,F,38,Neurons,332413.5,83.985
B003277,https://s3.amazonaws.com/czbiohub-maca/gc_table_by_plates_processed_remux_redux_zipped/B003277.zip,Brain,Hippocampus,3_39_F,3,F,39,Neurons,421406.5,80.735
B000404,https://s3.amazonaws.com/czbiohub-maca/gc_table_by_plates_processed_remux_redux_zipped/B000404.zip,Brain,Cerebellum,3_56_F,3,F,56,Neurons,439997.5,86.66
MAA000638,https://s3.amazonaws.com/czbiohub-maca/gc_table_by_plates_processed_remux_redux_zipped/MAA000638.zip,Brain,Cerebellum,3_9_M,3,M,9,Neurons,245118.5,49.435
MAA000603,https://s3.amazonaws.com/czbiohub-maca/gc_table_by_plates_processed_remux_redux_zipped/MAA000603.zip,Brain,Hippocampus,3_10_M,3,M,10,Microglia,458410.0,85.02000000000001
B001688,https://s3.amazonaws.com/czbiohub-maca/gc_table_by_plates_processed_remux_redux_zipped/B001688.zip,Brain,Hippocampus,3_38_F,3,F,38,Neurons,525252.5,90.66
MAA000592,https://s3.amazonaws.com/czbiohub-maca/gc_table_by_plates_processed_remux_redux_zipped/MAA000592.zip,Brain,Hippocampus,3_9_M,3,M,9,Microglia,472359.0,85.3
B001689,https://s3.amazonaws.com/czbiohub-maca/gc_table_by_plates_processed_remux_redux_zipped/B001689.zip,Brain,Hippocampus,3_38_F,3,F,38,Microglia,523825.0,91.595
MAA000940,https://s3.amazonaws.com/czbiohub-maca/gc_table_by_plates_processed_remux_redux_zipped/MAA000940.zip,Brain,Striatum,3_8_M,3,M,8,Neurons,34591.0,79.525
B000825,https://s3.amazonaws.com/czbiohub-maca/gc_table_by_plates_processed_remux_redux_zipped/B000825.zip,Brain,Striatum,3_38_F,3,F,38,Microglia,670709.0,82.265
MAA001894,https://s3.amazonaws.com/czbiohub-maca/gc_table_by_plates_processed_remux_redux_zipped/MAA001894.zip,Brain,Cortex,3_39_F,3,F,39,Neurons,280839.0,85.71000000000001
MAA000947,https://s3.amazonaws.com/czbiohub-maca/gc_table_by_plates_processed_remux_redux_zipped/MAA000947.zip,Brain,Hippocampus,3_9_M,3,M,9,Neurons,96125.5,77.875
MAA001895,https://s3.amazonaws.com/czbiohub-maca/gc_table_by_plates_processed_remux_redux_zipped/MAA001895.zip,Brain,Cortex,3_38_F,3,F,38,Neurons,241857.5,85.715
MAA000923,https://s3.amazonaws.com/czbiohub-maca/gc_table_by_plates_processed_remux_redux_zipped/MAA000923.zip,Brain,Hippocampus,3_9_M,3,M,9,Neurons,32899.5,73.54
MAA000604,https://s3.amazonaws.com/czbiohub-maca/gc_table_by_plates_processed_remux_redux_zipped/MAA000604.zip,Brain,Cortex,3_10_M,3,M,10,Microglia,249347.0,83.03999999999999
MAA000941,https://s3.amazonaws.com/czbiohub-maca/gc_table_by_plates_processed_remux_redux_zipped/MAA000941.zip,Brain,Hippocampus,3_8_M,3,M,8,Neurons,241425.5,84.53
MAA000926,https://s3.amazonaws.com/czbiohub-maca/gc_table_by_plates_processed_remux_redux_zipped/MAA000926.zip,Brain,Cortex,3_9_M,3,M,9,Neurons,306063.5,84.97
MAA000560,https://s3.amazonaws.com/czbiohub-maca/gc_table_by_plates_processed_remux_redux_zipped/MAA000560.zip,Brain,Cortex,3_10_M,3,M,10,Neurons,624161.5,85.215
MAA000573,https://s3.amazonaws.com/czbiohub-maca/gc_table_by_plates_processed_remux_redux_zipped/MAA000573.zip,Brain,Cortex,3_9_M,3,M,9,Microglia,307408.0,86.93
MAA000942,https://s3.amazonaws.com/czbiohub-maca/gc_table_by_plates_processed_remux_redux_zipped/MAA000942.zip,Brain,Striatum,3_8_M,3,M,8,Neurons,261371.5,84.58
MAA001845,https://s3.amazonaws.com/czbiohub-maca/gc_table_by_plates_processed_remux_redux_zipped/MAA001845.zip,Brain,Cerebellum,3_39_F,3,F,39,Neurons,49516.5,75.595
B000621,https://s3.amazonaws.com/czbiohub-maca/gc_table_by_plates_processed_remux_redux_zipped/B000621.zip,Brain,Hippocampus,3_56_F,3,F,56,Neurons,462680.5,86.375
B001176,https://s3.amazonaws.com/czbiohub-maca/gc_table_by_plates_processed_remux_redux_zipped/B001176.zip,Brain,Striatum,3_56_F,3,F,56,Microglia,485862.0,90.25
MAA000553,https://s3.amazonaws.com/czbiohub-maca/gc_table_by_plates_processed_remux_redux_zipped/MAA000553.zip,Brain,Hippocampus,3_10_M,3,M,10,,203086.5,82.68
MAA000424,https://s3.amazonaws.com/czbiohub-maca/gc_table_by_plates_processed_remux_redux_zipped/MAA000424.zip,Brain,Cerebellum,3_11_M,3,M,11,Neurons,15818.5,76.725
MAA000538,https://s3.amazonaws.com/czbiohub-maca/gc_table_by_plates_processed_remux_redux_zipped/MAA000538.zip,Brain,Cerebellum,3_8_M,3,M,8,Neurons,14061.5,74.345
MAA000932,https://s3.amazonaws.com/czbiohub-maca/gc_table_by_plates_processed_remux_redux_zipped/MAA000932.zip,Brain,Hippocampus,3_11_M,3,M,11,Neurons,44228.0,73.295
MAA000564,https://s3.amazonaws.com/czbiohub-maca/gc_table_by_plates_processed_remux_redux_zipped/MAA000564.zip,Brain,Striatum,3_10_M,3,M,10,Neurons,554839.0,85.44
MAA000561,https://s3.amazonaws.com/czbiohub-maca/gc_table_by_plates_processed_remux_redux_zipped/MAA000561.zip,Brain,Cortex,3_10_M,3,M,10,Neurons,193591.5,83.61
B003278,https://s3.amazonaws.com/czbiohub-maca/gc_table_by_plates_processed_remux_redux_zipped/B003278.zip,Brain,Cortex,3_38_F,3,F,38,Microglia,395170.5,72.455
MAA000902,https://s3.amazonaws.com/czbiohub-maca/gc_table_by_plates_processed_remux_redux_zipped/MAA000902.zip,Brain,Striatum,3_11_M,3,M,11,Neurons,203518.0,73.61
MAA000871,https://s3.amazonaws.com/czbiohub-maca/gc_table_by_plates_processed_remux_redux_zipped/MAA000871.zip,Colon,Proximal,3_11_M,3,M,11,Multiple,57414.0,73.16499999999999
MAA000909,https://s3.amazonaws.com/czbiohub-maca/gc_table_by_plates_processed_remux_redux_zipped/MAA000909.zip,Colon,Proximal,3_10_M,3,M,10,Multiple,27827.0,72.58
MAA001539,https://s3.amazonaws.com/czbiohub-maca/gc_table_by_plates_processed_remux_redux_zipped/MAA001539.zip,Colon,Distal,3_56_F,3,F,56,Multiple,488192.0,82.31
MAA001869,https://s3.amazonaws.com/czbiohub-maca/gc_table_by_plates_processed_remux_redux_zipped/MAA001869.zip,Colon,Proximal,3_38_F,3,F,38,Multiple,404378.5,76.41499999999999
MAA000870,https://s3.amazonaws.com/czbiohub-maca/gc_table_by_plates_processed_remux_redux_zipped/MAA000870.zip,Colon,Distal,3_10_M,3,M,10,Multiple,479086.5,79.455
MAA001632,https://s3.amazonaws.com/czbiohub-maca/gc_table_by_plates_processed_remux_redux_zipped/MAA001632.zip,Colon,Proximal,3_56_F,3,F,56,Multiple,549595.0,83.765
MAA001875,https://s3.amazonaws.com/czbiohub-maca/gc_table_by_plates_processed_remux_redux_zipped/MAA001875.zip,Colon,Distal,3_39_F,3,F,39,Multiple,485259.0,83.27
MAA000611,https://s3.amazonaws.com/czbiohub-maca/gc_table_by_plates_processed_remux_redux_zipped/MAA000611.zip,Colon,Proximal,3_8_M,3,M,8,Multiple,3997.5,74.25999999999999
MAA001872,https://s3.amazonaws.com/czbiohub-maca/gc_table_by_plates_processed_remux_redux_zipped/MAA001872.zip,Colon,Proximal,3_39_F,3,F,39,Multiple,567945.0,80.125
MAA001873,https://s3.amazonaws.com/czbiohub-maca/gc_table_by_plates_processed_remux_redux_zipped/MAA001873.zip,Colon,Distal,3_38_F,3,F,38,Multiple,826163.5,80.27
MAA000612,https://s3.amazonaws.com/czbiohub-maca/gc_table_by_plates_processed_remux_redux_zipped/MAA000612.zip,Colon,Proximal,3_9_M,3,M,9,Multiple,51811.0,74.58
MAA000583,https://s3.amazonaws.com/czbiohub-maca/gc_table_by_plates_processed_remux_redux_zipped/MAA000583.zip,Colon,Distal,3_9_M,3,M,9,Multiple,393972.5,83.465
MAA000937,https://s3.amazonaws.com/czbiohub-maca/gc_table_by_plates_processed_remux_redux_zipped/MAA000937.zip,Colon,Distal,3_8_M,3,M,8,Multiple,31752.0,75.47
B002954,https://s3.amazonaws.com/czbiohub-maca/gc_table_by_plates_processed_remux_redux_zipped/B002954.zip,Fat,SCAT,3_56_F,3,F,56,Multiple,462325.5,85.58
MAA000934,https://s3.amazonaws.com/czbiohub-maca/gc_table_by_plates_processed_remux_redux_zipped/MAA000934.zip,Fat,SCAT,3_9_M,3,M,9,Multiple,396239.5,85.385
MAA000599,https://s3.amazonaws.com/czbiohub-maca/gc_table_by_plates_processed_remux_redux_zipped/MAA000599.zip,Fat,BAT,3_8_M,3,M,8,Multiple,27848.5,74.28999999999999
B001216,https://s3.amazonaws.com/czbiohub-maca/gc_table_by_plates_processed_remux_redux_zipped/B001216.zip,Fat,BAT,3_38_F,3,F,38,Multiple,678579.0,82.0
MAA000510,https://s3.amazonaws.com/czbiohub-maca/gc_table_by_plates_processed_remux_redux_zipped/MAA000510.zip,Fat,SCAT,3_8_M,3,M,8,Multiple,22849.0,79.94
D043520,https://s3.amazonaws.com/czbiohub-maca/gc_table_by_plates_processed_remux_redux_zipped/D043520.zip,Fat,MAT,3_39_F,3,F,39,Multiple,565736.5,86.86500000000001
MAA000914,https://s3.amazonaws.com/czbiohub-maca/gc_table_by_plates_processed_remux_redux_zipped/MAA000914.zip,Fat,MAT,3_9_M,3,M,9,Multiple,209477.5,68.065
B002707,https://s3.amazonaws.com/czbiohub-maca/gc_table_by_plates_processed_remux_redux_zipped/B002707.zip,Fat,BAT,3_39_F,3,F,39,Multiple,179133.5,82.255
D045058,https://s3.amazonaws.com/czbiohub-maca/gc_table_by_plates_processed_remux_redux_zipped/D045058.zip,Fat,GAT,3_39_F,3,F,39,Multiple,687818.5,88.66
MAA000877,https://s3.amazonaws.com/czbiohub-maca/gc_table_by_plates_processed_remux_redux_zipped/MAA000877.zip,Fat,MAT,3_11_M,3,M,11,Multiple,515601.0,86.44999999999999
MAA000385,https://s3.amazonaws.com/czbiohub-maca/gc_table_by_plates_processed_remux_redux_zipped/MAA000385.zip,Fat,SCAT,3_10_M,3,M,10,Multiple,312963.5,86.0
MAA000554,https://s3.amazonaws.com/czbiohub-maca/gc_table_by_plates_processed_remux_redux_zipped/MAA000554.zip,Fat,GAT,3_8_M,3,M,8,Multiple,12066.0,72.78
D045064,https://s3.amazonaws.com/czbiohub-maca/gc_table_by_plates_processed_remux_redux_zipped/D045064.zip,Fat,MAT,3_38_F,3,F,38,Multiple,663436.5,88.64
MAA000556,https://s3.amazonaws.com/czbiohub-maca/gc_table_by_plates_processed_remux_redux_zipped/MAA000556.zip,Fat,BAT,3_9_M,3,M,9,Multiple,383416.5,81.675
B001960,https://s3.amazonaws.com/czbiohub-maca/gc_table_by_plates_processed_remux_redux_zipped/B001960.zip,Fat,BAT,3_56_F,3,F,56,Multiple,517719.5,84.945
D045067,https://s3.amazonaws.com/czbiohub-maca/gc_table_by_plates_processed_remux_redux_zipped/D045067.zip,Fat,GAT,3_38_F,3,F,38,Multiple,385806.5,86.96000000000001
B002314,https://s3.amazonaws.com/czbiohub-maca/gc_table_by_plates_processed_remux_redux_zipped/B002314.zip,Fat,MAT,3_56_F,3,F,56,Multiple,562578.0,86.59
D043526,https://s3.amazonaws.com/czbiohub-maca/gc_table_by_plates_processed_remux_redux_zipped/D043526.zip,Fat,SCAT,3_39_F,3,F,39,Multiple,428514.5,88.11
MAA000386,https://s3.amazonaws.com/czbiohub-maca/gc_table_by_plates_processed_remux_redux_zipped/MAA000386.zip,Fat,SCAT,3_11_M,3,M,11,Multiple,411719.5,85.795
B002955,https://s3.amazonaws.com/czbiohub-maca/gc_table_by_plates_processed_remux_redux_zipped/B002955.zip,Fat,GAT,3_56_F,3,F,56,Multiple,422166.5,83.48
B000127,https://s3.amazonaws.com/czbiohub-maca/gc_table_by_plates_processed_remux_redux_zipped/B000127.zip,Fat,SCAT,3_38_F,3,F,38,Multiple,546166.5,87.67
MAA000913,https://s3.amazonaws.com/czbiohub-maca/gc_table_by_plates_processed_remux_redux_zipped/MAA000913.zip,Fat,GAT,3_9_M,3,M,9,Multiple,414392.0,82.60499999999999
MAA000388,https://s3.amazonaws.com/czbiohub-maca/gc_table_by_plates_processed_remux_redux_zipped/MAA000388.zip,Fat,GAT,3_11_M,3,M,11,Multiple,388247.0,84.61500000000001
MAA000531,https://s3.amazonaws.com/czbiohub-maca/gc_table_by_plates_processed_remux_redux_zipped/MAA000531.zip,Fat,MAT,3_8_M,3,M,8,Multiple,27281.5,76.08
MAA000442,https://s3.amazonaws.com/czbiohub-maca/gc_table_by_plates_processed_remux_redux_zipped/MAA000442.zip,Fat,BAT,3_11_M,3,M,11,Multiple,457718.5,83.36500000000001
MAA000439,https://s3.amazonaws.com/czbiohub-maca/gc_table_by_plates_processed_remux_redux_zipped/MAA000439.zip,Fat,GAT,3_10_M,3,M,10,Multiple,554794.5,85.8
MAA000873,https://s3.amazonaws.com/czbiohub-maca/gc_table_by_plates_processed_remux_redux_zipped/MAA000873.zip,Fat,MAT,3_10_M,3,M,10,Multiple,408283.5,80.445
MAA000441,https://s3.amazonaws.com/czbiohub-maca/gc_table_by_plates_processed_remux_redux_zipped/MAA000441.zip,Fat,BAT,3_10_M,3,M,10,Multiple,466048.5,85.2
MAA000452,https://s3.amazonaws.com/czbiohub-maca/gc_table_by_plates_processed_remux_redux_zipped/MAA000452.zip,Heart,RV,3_8_M,3,M,8,Viable,48501.5,77.545
MAA000594,https://s3.amazonaws.com/czbiohub-maca/gc_table_by_plates_processed_remux_redux_zipped/MAA000594.zip,Heart,Aorta,3_8_M,3,M,8,Viable,432379.0,63.78
MAA000919,https://s3.amazonaws.com/czbiohub-maca/gc_table_by_plates_processed_remux_redux_zipped/MAA000919.zip,Heart,LA,3_10_M,3,M,10,Viable,315280.0,81.325
B000412,https://s3.amazonaws.com/czbiohub-maca/gc_table_by_plates_processed_remux_redux_zipped/B000412.zip,Heart,RA,3_56_F,3,F,56,Viable,447821.5,85.435
MAA000903,https://s3.amazonaws.com/czbiohub-maca/gc_table_by_plates_processed_remux_redux_zipped/MAA000903.zip,Heart,RA,3_11_M,3,M,11,Viable,308566.5,79.70500000000001
MAA000906,https://s3.amazonaws.com/czbiohub-maca/gc_table_by_plates_processed_remux_redux_zipped/MAA000906.zip,Heart,Aorta,3_11_M,3,M,11,Viable,333012.5,81.505
B002428,https://s3.amazonaws.com/czbiohub-maca/gc_table_by_plates_processed_remux_redux_zipped/B002428.zip,Heart,LA,3_38_F,3,F,38,Viable,564720.5,89.32
MAA000400,https://s3.amazonaws.com/czbiohub-maca/gc_table_by_plates_processed_remux_redux_zipped/MAA000400.zip,Heart,LA,3_8_M,3,M,8,Viable,23063.0,78.25
MAA100037,https://s3.amazonaws.com/czbiohub-maca/gc_table_by_plates_processed_remux_redux_zipped/MAA100037.zip,Heart,?,3_10_M/3_11_M,3,M,,cardiomyocytes,377728.5,80.16499999999999
MAA000908,https://s3.amazonaws.com/czbiohub-maca/gc_table_by_plates_processed_remux_redux_zipped/MAA000908.zip,Heart,Aorta,3_10_M,3,M,10,Viable,162691.0,70.685
B000634,https://s3.amazonaws.com/czbiohub-maca/gc_table_by_plates_processed_remux_redux_zipped/B000634.zip,Heart,LA,3_56_F,3,F,56,Viable,501895.0,85.525
B002429,https://s3.amazonaws.com/czbiohub-maca/gc_table_by_plates_processed_remux_redux_zipped/B002429.zip,Heart,LV,3_38_F,3,F,38,Viable,513713.5,78.775
MAA000595,https://s3.amazonaws.com/czbiohub-maca/gc_table_by_plates_processed_remux_redux_zipped/MAA000595.zip,Heart,Aorta,3_9_M,3,M,9,Viable,443525.5,71.845
MAA000586,https://s3.amazonaws.com/czbiohub-maca/gc_table_by_plates_processed_remux_redux_zipped/MAA000586.zip,Heart,RA,3_8_M,3,M,8,Viable,5167.5,74.78999999999999
B002421,https://s3.amazonaws.com/czbiohub-maca/gc_table_by_plates_processed_remux_redux_zipped/B002421.zip,Heart,LV,3_39_F,3,F,39,Viable,538887.0,85.58
MAA100097,https://s3.amazonaws.com/czbiohub-maca/gc_table_by_plates_processed_remux_redux_zipped/MAA100097.zip,Heart,LA/RA,3_38_F/3_39_F,3,F,,cardiomyocytes,484462.0,77.62
MAA000587,https://s3.amazonaws.com/czbiohub-maca/gc_table_by_plates_processed_remux_redux_zipped/MAA000587.zip,Heart,LV,3_8_M,3,M,8,Viable,23726.0,74.295
MAA000399,https://s3.amazonaws.com/czbiohub-maca/gc_table_by_plates_processed_remux_redux_zipped/MAA000399.zip,Heart,RV,3_9_M,3,M,9,Viable,340897.5,81.095
B002431,https://s3.amazonaws.com/czbiohub-maca/gc_table_by_plates_processed_remux_redux_zipped/B002431.zip,Heart,Aorta,3_39_F,3,F,39,Viable,298428.5,64.065
MAA000898,https://s3.amazonaws.com/czbiohub-maca/gc_table_by_plates_processed_remux_redux_zipped/MAA000898.zip,Heart,RV,3_11_M,3,M,11,Viable,169669.0,74.4
B002010,https://s3.amazonaws.com/czbiohub-maca/gc_table_by_plates_processed_remux_redux_zipped/B002010.zip,Heart,RA,3_39_F,3,F,39,Viable,612043.5,86.68
MAA000901,https://s3.amazonaws.com/czbiohub-maca/gc_table_by_plates_processed_remux_redux_zipped/MAA000901.zip,Heart,RV,3_10_M,3,M,10,Viable,270971.0,79.88
MAA000899,https://s3.amazonaws.com/czbiohub-maca/gc_table_by_plates_processed_remux_redux_zipped/MAA000899.zip,Heart,RA,3_10_M,3,M,10,Viable,375227.0,81.14
MAA000918,https://s3.amazonaws.com/czbiohub-maca/gc_table_by_plates_processed_remux_redux_zipped/MAA000918.zip,Heart,LV,3_10_M,3,M,10,Viable,316889.5,82.26
B000633,https://s3.amazonaws.com/czbiohub-maca/gc_table_by_plates_processed_remux_redux_zipped/B000633.zip,Heart,RV,3_56_F,3,F,56,Viable,504047.5,86.85499999999999
MAA000936,https://s3.amazonaws.com/czbiohub-maca/gc_table_by_plates_processed_remux_redux_zipped/MAA000936.zip,Heart,RA,3_9_M,3,M,9,Viable,465110.5,86.14500000000001
MAA000917,https://s3.amazonaws.com/czbiohub-maca/gc_table_by_plates_processed_remux_redux_zipped/MAA000917.zip,Heart,LV,3_11_M,3,M,11,Viable,238791.5,80.225
MAA000589,https://s3.amazonaws.com/czbiohub-maca/gc_table_by_plates_processed_remux_redux_zipped/MAA000589.zip,Heart,LV,3_9_M,3,M,9,Viable,382930.5,81.27
MAA000920,https://s3.amazonaws.com/czbiohub-maca/gc_table_by_plates_processed_remux_redux_zipped/MAA000920.zip,Heart,LA,3_11_M,3,M,11,Viable,503603.0,83.82
B000636,https://s3.amazonaws.com/czbiohub-maca/gc_table_by_plates_processed_remux_redux_zipped/B000636.zip,Heart,LV,3_56_F,3,F,56,Viable,471039.5,85.365
B002430,https://s3.amazonaws.com/czbiohub-maca/gc_table_by_plates_processed_remux_redux_zipped/B002430.zip,Heart,Aorta,3_38_F,3,F,38,Viable,605859.0,84.9
MAA100096,https://s3.amazonaws.com/czbiohub-maca/gc_table_by_plates_processed_remux_redux_zipped/MAA100096.zip,Heart,?,3_38_F/3_39_F,3,F,,cardiomyocytes,145481.5,75.62
MAA000398,https://s3.amazonaws.com/czbiohub-maca/gc_table_by_plates_processed_remux_redux_zipped/MAA000398.zip,Heart,LA,3_9_M,3,M,9,Viable,403096.0,86.26
B002011,https://s3.amazonaws.com/czbiohub-maca/gc_table_by_plates_processed_remux_redux_zipped/B002011.zip,Heart,RA,3_38_F,3,F,38,Viable,562820.5,78.91
B002423,https://s3.amazonaws.com/czbiohub-maca/gc_table_by_plates_processed_remux_redux_zipped/B002423.zip,Heart,RV,3_39_F,3,F,39,Viable,560943.0,87.015
B002427,https://s3.amazonaws.com/czbiohub-maca/gc_table_by_plates_processed_remux_redux_zipped/B002427.zip,Heart,LA,3_39_F,3,F,39,Viable,564774.5,89.37
MAA000801,https://s3.amazonaws.com/czbiohub-maca/gc_table_by_plates_processed_remux_redux_zipped/MAA000801.zip,Kidney,,3_11_M,3,M,11,Viable,402263.5,78.055
B002775,https://s3.amazonaws.com/czbiohub-maca/gc_table_by_plates_processed_remux_redux_zipped/B002775.zip,Kidney,,3_39_F,3,F,39,Viable,422421.5,85.025
B001717,https://s3.amazonaws.com/czbiohub-maca/gc_table_by_plates_processed_remux_redux_zipped/B001717.zip,Kidney,,3_38_F,3,F,38,Viable,399109.5,79.50999999999999
MAA000922,https://s3.amazonaws.com/czbiohub-maca/gc_table_by_plates_processed_remux_redux_zipped/MAA000922.zip,Kidney,,3_9_M,3,M,9,Viable,316637.0,80.62
MAA000752,https://s3.amazonaws.com/czbiohub-maca/gc_table_by_plates_processed_remux_redux_zipped/MAA000752.zip,Kidney,,3_10_M,3,M,10,Viable,403065.0,83.14
MAA000545,https://s3.amazonaws.com/czbiohub-maca/gc_table_by_plates_processed_remux_redux_zipped/MAA000545.zip,Kidney,,3_8_M,3,M,8,Viable,591216.5,87.02
MAA100040,https://s3.amazonaws.com/czbiohub-maca/gc_table_by_plates_processed_remux_redux_zipped/MAA100040.zip,Liver,Hepatocytes,3_11_M,3,M,11,,370448.5,77.995
MAA100140,https://s3.amazonaws.com/czbiohub-maca/gc_table_by_plates_processed_remux_redux_zipped/MAA100140.zip,Liver,Hepatocytes,3_57_F,3,F,57,,228372.0,84.49000000000001
MAA100039,https://s3.amazonaws.com/czbiohub-maca/gc_table_by_plates_processed_remux_redux_zipped/MAA100039.zip,Liver,Hepatocytes,3_11_M,3,M,11,,432392.5,81.945
MAA000377,https://s3.amazonaws.com/czbiohub-maca/gc_table_by_plates_processed_remux_redux_zipped/MAA000377.zip,Liver,Non-hepatocytes,3_9_M,3,M,9,Viable,309888.5,85.29499999999999
MAA000907,https://s3.amazonaws.com/czbiohub-maca/gc_table_by_plates_processed_remux_redux_zipped/MAA000907.zip,Liver,Non-hepatocytes,3_11_M,3,M,11,Viable,309609.5,83.07
MAA100138,https://s3.amazonaws.com/czbiohub-maca/gc_table_by_plates_processed_remux_redux_zipped/MAA100138.zip,Liver,Hepatocytes,3_56_F,3,F,56,,220816.0,83.86500000000001
MAA100041,https://s3.amazonaws.com/czbiohub-maca/gc_table_by_plates_processed_remux_redux_zipped/MAA100041.zip,Liver,Hepatocytes,3_9_M,3,M,9,,585011.0,78.155
MAA100042,https://s3.amazonaws.com/czbiohub-maca/gc_table_by_plates_processed_remux_redux_zipped/MAA100042.zip,Liver,Hepatocytes,3_9_M,3,M,9,,373574.0,83.97
MAA000839,https://s3.amazonaws.com/czbiohub-maca/gc_table_by_plates_processed_remux_redux_zipped/MAA000839.zip,Lung,,3_11_M,3,M,11,Multiple,331990.5,80.085
MAA001889,https://s3.amazonaws.com/czbiohub-maca/gc_table_by_plates_processed_remux_redux_zipped/MAA001889.zip,Lung,EPCAM,3_38_F,3,F,38,Multiple,525700.0,85.02000000000001
MAA000891,https://s3.amazonaws.com/czbiohub-maca/gc_table_by_plates_processed_remux_redux_zipped/MAA000891.zip,Lung,,3_10_M,3,M,10,Multiple,371015.5,81.49000000000001
D043522,https://s3.amazonaws.com/czbiohub-maca/gc_table_by_plates_processed_remux_redux_zipped/D043522.zip,Lung,Endomucin,3_39_F,3,F,39,Multiple,519078.0,87.75999999999999
MAA001847,https://s3.amazonaws.com/czbiohub-maca/gc_table_by_plates_processed_remux_redux_zipped/MAA001847.zip,Lung,EPCAM,3_39_F,3,F,39,Multiple,436350.5,86.345
MAA001892,https://s3.amazonaws.com/czbiohub-maca/gc_table_by_plates_processed_remux_redux_zipped/MAA001892.zip,Lung,Endomucin,3_38_F,3,F,38,Multiple,407601.5,80.195
MAA000530,https://s3.amazonaws.com/czbiohub-maca/gc_table_by_plates_processed_remux_redux_zipped/MAA000530.zip,Lung,,3_8_M,3,M,8,Multiple,559716.0,86.785
MAA000526,https://s3.amazonaws.com/czbiohub-maca/gc_table_by_plates_processed_remux_redux_zipped/MAA000526.zip,Lung,,3_9_M,3,M,9,Multiple,543070.0,88.505
B002432,https://s3.amazonaws.com/czbiohub-maca/gc_table_by_plates_processed_remux_redux_zipped/B002432.zip,Mammary_Gland,Mammary_Gland,3_38_F,3,F,38,Multiple,625602.0,84.89
B002433,https://s3.amazonaws.com/czbiohub-maca/gc_table_by_plates_processed_remux_redux_zipped/B002433.zip,Mammary_Gland,Mammary_Gland,3_38_F,3,F,38,Multiple,434037.0,86.58
B000167,https://s3.amazonaws.com/czbiohub-maca/gc_table_by_plates_processed_remux_redux_zipped/B000167.zip,Mammary_Gland,Mammary_Gland,3_56_F,3,F,56,Multiple,378911.0,80.25
B002436,https://s3.amazonaws.com/czbiohub-maca/gc_table_by_plates_processed_remux_redux_zipped/B002436.zip,Mammary_Gland,Mammary_Gland,3_39_F,3,F,39,Multiple,413615.5,85.32
B002438,https://s3.amazonaws.com/czbiohub-maca/gc_table_by_plates_processed_remux_redux_zipped/B002438.zip,Mammary_Gland,Mammary_Gland,3_38_F,3,F,38,Multiple,439457.0,87.08
B002435,https://s3.amazonaws.com/czbiohub-maca/gc_table_by_plates_processed_remux_redux_zipped/B002435.zip,Mammary_Gland,Mammary_Gland,3_39_F,3,F,39,Multiple,313162.0,86.395
B002437,https://s3.amazonaws.com/czbiohub-maca/gc_table_by_plates_processed_remux_redux_zipped/B002437.zip,Mammary_Gland,Mammary_Gland,3_39_F,3,F,39,Multiple,365724.5,84.92500000000001
B000166,https://s3.amazonaws.com/czbiohub-maca/gc_table_by_plates_processed_remux_redux_zipped/B000166.zip,Mammary_Gland,Mammary_Gland,3_56_F,3,F,56,Multiple,498220.0,80.37
B000168,https://s3.amazonaws.com/czbiohub-maca/gc_table_by_plates_processed_remux_redux_zipped/B000168.zip,Mammary_Gland,Mammary_Gland,3_57_F,3,F,57,Multiple,600027.0,84.455
B002309,https://s3.amazonaws.com/czbiohub-maca/gc_table_by_plates_processed_remux_redux_zipped/B002309.zip,Mammary_Gland,Mammary_Gland,3_57_F,3,F,57,Multiple,542188.0,85.36500000000001
MAA001842,https://s3.amazonaws.com/czbiohub-maca/gc_table_by_plates_processed_remux_redux_zipped/MAA001842.zip,Marrow,T-cells,3_38_F,3,F,38,Multiple,596427.0,84.535
MAA000844,https://s3.amazonaws.com/czbiohub-maca/gc_table_by_plates_processed_remux_redux_zipped/MAA000844.zip,Marrow,T-cells,3_10_M,3,M,10,Multiple,402908.5,83.53
D041912,https://s3.amazonaws.com/czbiohub-maca/gc_table_by_plates_processed_remux_redux_zipped/D041912.zip,Marrow,Granulocytes,3_8_M,3,M,8,Multiple,3681.0,79.135
MAA000596,https://s3.amazonaws.com/czbiohub-maca/gc_table_by_plates_processed_remux_redux_zipped/MAA000596.zip,Marrow,KLS,3_9_M,3,M,9,Multiple,451248.0,85.21
D042044,https://s3.amazonaws.com/czbiohub-maca/gc_table_by_plates_processed_remux_redux_zipped/D042044.zip,Marrow,B-cells,3_9_M,3,M,9,Multiple,26721.5,80.265
MAA000652,https://s3.amazonaws.com/czbiohub-maca/gc_table_by_plates_processed_remux_redux_zipped/MAA000652.zip,Marrow,B-cells,3_10_M,3,M,10,Multiple,253556.0,83.245
MAA001883,https://s3.amazonaws.com/czbiohub-maca/gc_table_by_plates_processed_remux_redux_zipped/MAA001883.zip,Marrow,B-cells,3_39_F,3,F,39,Multiple,681925.5,84.59
D045139,https://s3.amazonaws.com/czbiohub-maca/gc_table_by_plates_processed_remux_redux_zipped/D045139.zip,Marrow,Granulocytes,3_39_F,3,F,39,Multiple,416045.0,87.015
D045140,https://s3.amazonaws.com/czbiohub-maca/gc_table_by_plates_processed_remux_redux_zipped/D045140.zip,Marrow,Granulocytes,3_38_F,3,F,38,Multiple,619834.5,87.60499999999999
MAA000409,https://s3.amazonaws.com/czbiohub-maca/gc_table_by_plates_processed_remux_redux_zipped/MAA000409.zip,Marrow,Granulocytes,3_10_M,3,M,10,Multiple,433136.0,88.79
D042479,https://s3.amazonaws.com/czbiohub-maca/gc_table_by_plates_processed_remux_redux_zipped/D042479.zip,Marrow,B-cells,3_8_M,3,M,8,Multiple,29239.0,81.185
MAA000600,https://s3.amazonaws.com/czbiohub-maca/gc_table_by_plates_processed_remux_redux_zipped/MAA000600.zip,Marrow,KLS,3_8_M,3,M,8,Multiple,366504.0,85.15
MAA000639,https://s3.amazonaws.com/czbiohub-maca/gc_table_by_plates_processed_remux_redux_zipped/MAA000639.zip,Marrow,Granulocytes,3_9_M,3,M,9,Multiple,404674.5,84.81
D042467,https://s3.amazonaws.com/czbiohub-maca/gc_table_by_plates_processed_remux_redux_zipped/D042467.zip,Marrow,T-cells,3_9_M,3,M,9,Multiple,49385.0,82.13499999999999
D042193,https://s3.amazonaws.com/czbiohub-maca/gc_table_by_plates_processed_remux_redux_zipped/D042193.zip,Marrow,T-cells,3_8_M,3,M,8,Multiple,19818.0,80.57499999999999
MAA001884,https://s3.amazonaws.com/czbiohub-maca/gc_table_by_plates_processed_remux_redux_zipped/MAA001884.zip,Marrow,B-cells,3_38_F,3,F,38,Multiple,736746.5,84.745
MAA000848,https://s3.amazonaws.com/czbiohub-maca/gc_table_by_plates_processed_remux_redux_zipped/MAA000848.zip,Marrow,KLS,3_10_M,3,M,10,Multiple,487540.0,84.61500000000001
MAA001887,https://s3.amazonaws.com/czbiohub-maca/gc_table_by_plates_processed_remux_redux_zipped/MAA001887.zip,Marrow,KLS,3_39_F,3,F,39,Multiple,546599.0,79.64
MAA001888,https://s3.amazonaws.com/czbiohub-maca/gc_table_by_plates_processed_remux_redux_zipped/MAA001888.zip,Marrow,T-cells,3_39_F,3,F,39,Multiple,558324.5,87.16499999999999
MAA001844,https://s3.amazonaws.com/czbiohub-maca/gc_table_by_plates_processed_remux_redux_zipped/MAA001844.zip,Marrow,KLS,3_38_F,3,F,38,Multiple,642326.5,85.635
MAA001454,https://s3.amazonaws.com/czbiohub-maca/gc_table_by_plates_processed_remux_redux_zipped/MAA001454.zip,Muscle,Diaphragm,3_38_F,3,F,38,"CD31+, CD45+, CD31-CD45-Sca1+, CD31-CD45-Sca1-VCAM1+",450447.0,85.33500000000001
B002769,https://s3.amazonaws.com/czbiohub-maca/gc_table_by_plates_processed_remux_redux_zipped/B002769.zip,Muscle,ForelimbandHindlimb,3_39_F,3,F,39,"CD31+, CD45+, CD31-CD45-Sca1+, CD31-CD45-Sca1-VCAM1+",452160.5,85.515
D042105,https://s3.amazonaws.com/czbiohub-maca/gc_table_by_plates_processed_remux_redux_zipped/D042105.zip,Muscle,Diaphragm,3_11_M,3,M,11,Multiple,556269.0,86.32499999999999
D042473,https://s3.amazonaws.com/czbiohub-maca/gc_table_by_plates_processed_remux_redux_zipped/D042473.zip,Muscle,ForelimbandHindlimb,3_10_M,3,M,10,Multiple,521264.0,87.16
D042103,https://s3.amazonaws.com/czbiohub-maca/gc_table_by_plates_processed_remux_redux_zipped/D042103.zip,Muscle,ForelimbandHindlimb,3_11_M,3,M,11,Multiple,417585.5,83.49000000000001
D042186,https://s3.amazonaws.com/czbiohub-maca/gc_table_by_plates_processed_remux_redux_zipped/D042186.zip,Muscle,ForelimbandHindlimb,3_8_M,3,M,8,Multiple,594492.5,86.525
D042185,https://s3.amazonaws.com/czbiohub-maca/gc_table_by_plates_processed_remux_redux_zipped/D042185.zip,Muscle,ForelimbandHindlimb,3_9_M,3,M,9,Multiple,599391.5,86.505
B002762,https://s3.amazonaws.com/czbiohub-maca/gc_table_by_plates_processed_remux_redux_zipped/B002762.zip,Muscle,Diaphragm,3_39_F,3,F,39,"CD31+, CD45+, CD31-CD45-Sca1+, CD31-CD45-Sca1-VCAM1+",167182.5,83.00999999999999
D042180,https://s3.amazonaws.com/czbiohub-maca/gc_table_by_plates_processed_remux_redux_zipped/D042180.zip,Muscle,Diaphragm,3_10_M,3,M,10,Multiple,14790.5,80.41
B002765,https://s3.amazonaws.com/czbiohub-maca/gc_table_by_plates_processed_remux_redux_zipped/B002765.zip,Muscle,ForelimbandHindlimb,3_38_F,3,F,38,"CD31+, CD45+, CD31-CD45-Sca1+, CD31-CD45-Sca1-VCAM1+",532520.5,84.73
MAA000574,https://s3.amazonaws.com/czbiohub-maca/gc_table_by_plates_processed_remux_redux_zipped/MAA000574.zip,Pancreas,Exocrine,3_8_M,3,M,8,Viable,440152.5,81.28
MAA000910,https://s3.amazonaws.com/czbiohub-maca/gc_table_by_plates_processed_remux_redux_zipped/MAA000910.zip,Pancreas,Exocrine,3_10_M,3,M,10,Viable,415284.5,80.205
MAA001862,https://s3.amazonaws.com/czbiohub-maca/gc_table_by_plates_processed_remux_redux_zipped/MAA001862.zip,Pancreas,Endocrine,3_39_F,3,F,39,Viable,543441.5,87.025
MAA001868,https://s3.amazonaws.com/czbiohub-maca/gc_table_by_plates_processed_remux_redux_zipped/MAA001868.zip,Pancreas,Exocrine,3_38_F,3,F,38,Viable,446699.5,80.175
MAA001857,https://s3.amazonaws.com/czbiohub-maca/gc_table_by_plates_processed_remux_redux_zipped/MAA001857.zip,Pancreas,Endocrine,3_38_F,3,F,38,Viable,397683.5,86.24000000000001
MAA000884,https://s3.amazonaws.com/czbiohub-maca/gc_table_by_plates_processed_remux_redux_zipped/MAA000884.zip,Pancreas,Endocrine,3_10_M,3,M,10,Viable,460646.0,85.99000000000001
MAA001861,https://s3.amazonaws.com/czbiohub-maca/gc_table_by_plates_processed_remux_redux_zipped/MAA001861.zip,Pancreas,Exocrine,3_39_F,3,F,39,Viable,462713.5,84.84
MAA000577,https://s3.amazonaws.com/czbiohub-maca/gc_table_by_plates_processed_remux_redux_zipped/MAA000577.zip,Pancreas,Endocrine,3_8_M,3,M,8,Viable,311408.0,86.53999999999999
B003283,https://s3.amazonaws.com/czbiohub-maca/gc_table_by_plates_processed_remux_redux_zipped/B003283.zip,Skin,,3_38_F,3,F,38,Multiple,551779.5,86.88499999999999
MAA000614,https://s3.amazonaws.com/czbiohub-maca/gc_table_by_plates_processed_remux_redux_zipped/MAA000614.zip,Skin,,3_10_M,3,M,10,Multiple,371723.5,84.6
MAA000597,https://s3.amazonaws.com/czbiohub-maca/gc_table_by_plates_processed_remux_redux_zipped/MAA000597.zip,Skin,Anagen,3_9_M,3,M,9,Multiple,410865.0,86.155
MAA000427,https://s3.amazonaws.com/czbiohub-maca/gc_table_by_plates_processed_remux_redux_zipped/MAA000427.zip,Skin,Anagen,3_11_M,3,M,11,Multiple,511876.0,87.315
MAA000549,https://s3.amazonaws.com/czbiohub-maca/gc_table_by_plates_processed_remux_redux_zipped/MAA000549.zip,Skin,Anagen,3_8_M,3,M,8,Multiple,244206.0,83.09
B000126,https://s3.amazonaws.com/czbiohub-maca/gc_table_by_plates_processed_remux_redux_zipped/B000126.zip,Skin,,3_39_F,3,F,39,Multiple,425639.5,86.56
MAA000938,https://s3.amazonaws.com/czbiohub-maca/gc_table_by_plates_processed_remux_redux_zipped/MAA000938.zip,Skin,,3_8_M,3,M,8,Multiple,222886.5,85.405
MAA000927,https://s3.amazonaws.com/czbiohub-maca/gc_table_by_plates_processed_remux_redux_zipped/MAA000927.zip,Skin,,3_9_M,3,M,9,Multiple,414295.5,86.065
MAA000435,https://s3.amazonaws.com/czbiohub-maca/gc_table_by_plates_processed_remux_redux_zipped/MAA000435.zip,Skin,Anagen,3_10_M,3,M,10,Multiple,646485.0,85.73
MAA000559,https://s3.amazonaws.com/czbiohub-maca/gc_table_by_plates_processed_remux_redux_zipped/MAA000559.zip,Spleen,,3_8_M,3,M,8,Viable,9900.5,72.465
MAA000508,https://s3.amazonaws.com/czbiohub-maca/gc_table_by_plates_processed_remux_redux_zipped/MAA000508.zip,Spleen,,3_9_M,3,M,9,Viable,238752.0,83.405
MAA000779,https://s3.amazonaws.com/czbiohub-maca/gc_table_by_plates_processed_remux_redux_zipped/MAA000779.zip,Spleen,,3_11_M,3,M,11,Viable,481670.0,81.245
MAA000776,https://s3.amazonaws.com/czbiohub-maca/gc_table_by_plates_processed_remux_redux_zipped/MAA000776.zip,Spleen,,3_10_M,3,M,10,Viable,92408.0,75.53999999999999
B000971,https://s3.amazonaws.com/czbiohub-maca/gc_table_by_plates_processed_remux_redux_zipped/B000971.zip,Spleen,,3_39_F,3,F,39,Viable,622976.5,85.09
B001750,https://s3.amazonaws.com/czbiohub-maca/gc_table_by_plates_processed_remux_redux_zipped/B001750.zip,Spleen,,3_38_F,3,F,38,Viable,477286.5,84.125
B000827,https://s3.amazonaws.com/czbiohub-maca/gc_table_by_plates_processed_remux_redux_zipped/B000827.zip,Thymus,Flowthrough,3_38_F,3,F,38,Multiple,472771.0,85.87
B003285,https://s3.amazonaws.com/czbiohub-maca/gc_table_by_plates_processed_remux_redux_zipped/B003285.zip,Thymus,Epithelium,3_38_F,3,F,38,Multiple,340119.0,83.16499999999999
MAA000609,https://s3.amazonaws.com/czbiohub-maca/gc_table_by_plates_processed_remux_redux_zipped/MAA000609.zip,Thymus,,3_8_M,3,M,8,Multiple,293448.0,85.445
MAA000880,https://s3.amazonaws.com/czbiohub-maca/gc_table_by_plates_processed_remux_redux_zipped/MAA000880.zip,Thymus,,3_11_M,3,M,11,Multiple,468451.0,78.995
B003284,https://s3.amazonaws.com/czbiohub-maca/gc_table_by_plates_processed_remux_redux_zipped/B003284.zip,Thymus,Epithelium,3_39_F,3,F,39,Multiple,338779.5,85.60499999999999
B003291,https://s3.amazonaws.com/czbiohub-maca/gc_table_by_plates_processed_remux_redux_zipped/B003291.zip,Thymus,Flowthrough,3_39_F,3,F,39,Multiple,603098.0,88.34
MAA000607,https://s3.amazonaws.com/czbiohub-maca/gc_table_by_plates_processed_remux_redux_zipped/MAA000607.zip,Thymus,,3_9_M,3,M,9,Multiple,318989.5,83.995
D041894,https://s3.amazonaws.com/czbiohub-maca/gc_table_by_plates_processed_remux_redux_zipped/D041894.zip,Tongue,,3_9_M,3,M,9,Multiple,488665.0,87.18
B002780,https://s3.amazonaws.com/czbiohub-maca/gc_table_by_plates_processed_remux_redux_zipped/B002780.zip,Tongue,,3_38_F,3,F,38,Multiple,437945.5,85.07
D041904,https://s3.amazonaws.com/czbiohub-maca/gc_table_by_plates_processed_remux_redux_zipped/D041904.zip,Tongue,,3_10_M,3,M,10,Multiple,604600.0,86.67500000000001
D041911,https://s3.amazonaws.com/czbiohub-maca/gc_table_by_plates_processed_remux_redux_zipped/D041911.zip,Tongue,,3_8_M,3,M,8,Multiple,35507.0,83.21000000000001
B002777,https://s3.amazonaws.com/czbiohub-maca/gc_table_by_plates_processed_remux_redux_zipped/B002777.zip,Tongue,,3_39_F,3,F,39,Multiple,401794.5,83.875
MAA001865,https://s3.amazonaws.com/czbiohub-maca/gc_table_by_plates_processed_remux_redux_zipped/MAA001865.zip,Trachea,,3_38_F,3,F,38,Multiple,457004.5,87.53
MAA000496,https://s3.amazonaws.com/czbiohub-maca/gc_table_by_plates_processed_remux_redux_zipped/MAA000496.zip,Trachea,,3_10_M,3,M,10,Multiple,576674.5,86.445
MAA001867,https://s3.amazonaws.com/czbiohub-maca/gc_table_by_plates_processed_remux_redux_zipped/MAA001867.zip,Trachea,,3_39_F,3,F,39,Multiple,443748.5,87.125
D042475,https://s3.amazonaws.com/czbiohub-maca/gc_table_by_plates_processed_remux_redux_zipped/D042475.zip,Trachea,,3_9_M,3,M,9,Multiple,3299.0,78.97
D042474,https://s3.amazonaws.com/czbiohub-maca/gc_table_by_plates_processed_remux_redux_zipped/D042474.zip,Trachea,,3_8_M,3,M,8,Multiple,8436.0,80.72
