plate_name,tissue,subtissue,mouse.id,mouse.age,mouse.sex,mouse.number,FACS.selection,median_number_of_input_reads,median_uniquely_mapped_reads_%,url
MAA000907,Liver,Non-hepatocytes,3_11_M,3,M,11,Viable,309609.5,83.07,https://s3.amazonaws.com/czbiohub-maca/gc_table_by_plates_zipped//data1/maca/gc_table_by_plates_zipped/MAA000907.zip
MAA000884,Pancreas,Endocrine,3_10_M,3,M,10,Viable,460646.0,85.99000000000001,https://s3.amazonaws.com/czbiohub-maca/gc_table_by_plates_zipped//data1/maca/gc_table_by_plates_zipped/MAA000884.zip
MAA000583,Colon,Distal,3_9_M,3,M,9,Multiple,393972.5,83.465,https://s3.amazonaws.com/czbiohub-maca/gc_table_by_plates_zipped//data1/maca/gc_table_by_plates_zipped/MAA000583.zip
MAA000902,Brain,Striatum,3_11_M,3,M,11,Neurons,203518.0,73.61,https://s3.amazonaws.com/czbiohub-maca/gc_table_by_plates_zipped//data1/maca/gc_table_by_plates_zipped/MAA000902.zip
MAA000560,Brain,Cortex,3_10_M,3,M,10,Neurons,624161.5,85.215,https://s3.amazonaws.com/czbiohub-maca/gc_table_by_plates_zipped//data1/maca/gc_table_by_plates_zipped/MAA000560.zip
MAA000107,Colon,Proximal,30_2_M,30,M,2,Multiple,1243890.0,71.08,https://s3.amazonaws.com/czbiohub-maca/gc_table_by_plates_zipped//data1/maca/gc_table_by_plates_zipped/MAA000107.zip
MAA000609,Thymus,,3_8_M,3,M,8,Multiple,293448.0,85.445,https://s3.amazonaws.com/czbiohub-maca/gc_table_by_plates_zipped//data1/maca/gc_table_by_plates_zipped/MAA000609.zip
MAA000926,Brain,Cortex,3_9_M,3,M,9,Neurons,306063.5,84.97,https://s3.amazonaws.com/czbiohub-maca/gc_table_by_plates_zipped//data1/maca/gc_table_by_plates_zipped/MAA000926.zip
MAA000779,Spleen,,3_11_M,3,M,11,Viable,481670.0,81.245,https://s3.amazonaws.com/czbiohub-maca/gc_table_by_plates_zipped//data1/maca/gc_table_by_plates_zipped/MAA000779.zip
MAA000910,Pancreas,Exocrine,3_10_M,3,M,10,Viable,415284.5,80.205,https://s3.amazonaws.com/czbiohub-maca/gc_table_by_plates_zipped//data1/maca/gc_table_by_plates_zipped/MAA000910.zip
B000621,Brain,Hippocampus,3_56_F,3,F,56,Neurons,462680.5,86.375,https://s3.amazonaws.com/czbiohub-maca/gc_table_by_plates_zipped//data1/maca/gc_table_by_plates_zipped/B000621.zip
B002431,Heart,Aorta,3_39_F,3,F,39,Viable,298428.5,64.065,https://s3.amazonaws.com/czbiohub-maca/gc_table_by_plates_zipped//data1/maca/gc_table_by_plates_zipped/B002431.zip
MAA000538,Brain,Cerebellum,3_8_M,3,M,8,Neurons,14061.5,74.345,https://s3.amazonaws.com/czbiohub-maca/gc_table_by_plates_zipped//data1/maca/gc_table_by_plates_zipped/MAA000538.zip
MAA000424,Brain,Cerebellum,3_11_M,3,M,11,Neurons,15818.5,76.725,https://s3.amazonaws.com/czbiohub-maca/gc_table_by_plates_zipped//data1/maca/gc_table_by_plates_zipped/MAA000424.zip
D045058,Fat,GAT,3_39_F,3,F,39,Multiple,687818.5,88.66,https://s3.amazonaws.com/czbiohub-maca/gc_table_by_plates_zipped//data1/maca/gc_table_by_plates_zipped/D045058.zip
MAA000611,Colon,Proximal,3_8_M,3,M,8,Multiple,3997.5,74.25999999999999,https://s3.amazonaws.com/czbiohub-maca/gc_table_by_plates_zipped//data1/maca/gc_table_by_plates_zipped/MAA000611.zip
MAA000553,Brain,Hippocampus,3_10_M,3,M,10,,203086.5,82.68,https://s3.amazonaws.com/czbiohub-maca/gc_table_by_plates_zipped//data1/maca/gc_table_by_plates_zipped/MAA000553.zip
MAA001845,Brain,Cerebellum,3_39_F,3,F,39,Neurons,49516.5,75.595,https://s3.amazonaws.com/czbiohub-maca/gc_table_by_plates_zipped//data1/maca/gc_table_by_plates_zipped/MAA001845.zip
MAA000917,Heart,LV,3_11_M,3,M,11,Viable,238791.5,80.225,https://s3.amazonaws.com/czbiohub-maca/gc_table_by_plates_zipped//data1/maca/gc_table_by_plates_zipped/MAA000917.zip
B001176,Brain,Striatum,3_56_F,3,F,56,Microglia,485862.0,90.25,https://s3.amazonaws.com/czbiohub-maca/gc_table_by_plates_zipped//data1/maca/gc_table_by_plates_zipped/B001176.zip
MAA000577,Pancreas,Endocrine,3_8_M,3,M,8,Viable,311408.0,86.53999999999999,https://s3.amazonaws.com/czbiohub-maca/gc_table_by_plates_zipped//data1/maca/gc_table_by_plates_zipped/MAA000577.zip
MAA000594,Heart,Aorta,3_8_M,3,M,8,Viable,432379.0,63.78,https://s3.amazonaws.com/czbiohub-maca/gc_table_by_plates_zipped//data1/maca/gc_table_by_plates_zipped/MAA000594.zip
B002421,Heart,LV,3_39_F,3,F,39,Viable,538887.0,85.58,https://s3.amazonaws.com/czbiohub-maca/gc_table_by_plates_zipped//data1/maca/gc_table_by_plates_zipped/B002421.zip
B000166,Mammary_Gland,Mammary_Gland,3_56_F,3,F,56,Multiple,498220.0,80.37,https://s3.amazonaws.com/czbiohub-maca/gc_table_by_plates_zipped//data1/maca/gc_table_by_plates_zipped/B000166.zip
MAA000400,Heart,LA,3_8_M,3,M,8,Viable,23063.0,78.25,https://s3.amazonaws.com/czbiohub-maca/gc_table_by_plates_zipped//data1/maca/gc_table_by_plates_zipped/MAA000400.zip
MAA000932,Brain,Hippocampus,3_11_M,3,M,11,Neurons,44228.0,73.295,https://s3.amazonaws.com/czbiohub-maca/gc_table_by_plates_zipped//data1/maca/gc_table_by_plates_zipped/MAA000932.zip
MAA000600,Marrow,KLS,3_8_M,3,M,8,Multiple,366504.0,85.15,https://s3.amazonaws.com/czbiohub-maca/gc_table_by_plates_zipped//data1/maca/gc_table_by_plates_zipped/MAA000600.zip
B002429,Heart,LV,3_38_F,3,F,38,Viable,513713.5,78.775,https://s3.amazonaws.com/czbiohub-maca/gc_table_by_plates_zipped//data1/maca/gc_table_by_plates_zipped/B002429.zip
MAA001865,Trachea,,3_38_F,3,F,38,Multiple,457004.5,87.53,https://s3.amazonaws.com/czbiohub-maca/gc_table_by_plates_zipped//data1/maca/gc_table_by_plates_zipped/MAA001865.zip
B003278,Brain,Cortex,3_38_F,3,F,38,Microglia,395170.5,72.455,https://s3.amazonaws.com/czbiohub-maca/gc_table_by_plates_zipped//data1/maca/gc_table_by_plates_zipped/B003278.zip
MAA100138,Liver,Hepatocytes,3_56_F,3,F,56,,220816.0,83.86500000000001,https://s3.amazonaws.com/czbiohub-maca/gc_table_by_plates_zipped//data1/maca/gc_table_by_plates_zipped/MAA100138.zip
MAA000561,Brain,Cortex,3_10_M,3,M,10,Neurons,193591.5,83.61,https://s3.amazonaws.com/czbiohub-maca/gc_table_by_plates_zipped//data1/maca/gc_table_by_plates_zipped/MAA000561.zip
MAA000564,Brain,Striatum,3_10_M,3,M,10,Neurons,554839.0,85.44,https://s3.amazonaws.com/czbiohub-maca/gc_table_by_plates_zipped//data1/maca/gc_table_by_plates_zipped/MAA000564.zip
B002428,Heart,LA,3_38_F,3,F,38,Viable,564720.5,89.32,https://s3.amazonaws.com/czbiohub-maca/gc_table_by_plates_zipped//data1/maca/gc_table_by_plates_zipped/B002428.zip
D042186,Muscle,ForelimbandHindlimb,3_8_M,3,M,8,Multiple,594492.5,86.525,https://s3.amazonaws.com/czbiohub-maca/gc_table_by_plates_zipped//data1/maca/gc_table_by_plates_zipped/D042186.zip
MAA001632,Colon,Proximal,3_56_F,3,F,56,Multiple,549595.0,83.765,https://s3.amazonaws.com/czbiohub-maca/gc_table_by_plates_zipped//data1/maca/gc_table_by_plates_zipped/MAA001632.zip
B000636,Heart,LV,3_56_F,3,F,56,Viable,471039.5,85.365,https://s3.amazonaws.com/czbiohub-maca/gc_table_by_plates_zipped//data1/maca/gc_table_by_plates_zipped/B000636.zip
MAA000510,Fat,SCAT,3_8_M,3,M,8,Multiple,22849.0,79.94,https://s3.amazonaws.com/czbiohub-maca/gc_table_by_plates_zipped//data1/maca/gc_table_by_plates_zipped/MAA000510.zip
MAA000942,Brain,Striatum,3_8_M,3,M,8,Neurons,261371.5,84.58,https://s3.amazonaws.com/czbiohub-maca/gc_table_by_plates_zipped//data1/maca/gc_table_by_plates_zipped/MAA000942.zip
MAA000573,Brain,Cortex,3_9_M,3,M,9,Microglia,307408.0,86.93,https://s3.amazonaws.com/czbiohub-maca/gc_table_by_plates_zipped//data1/maca/gc_table_by_plates_zipped/MAA000573.zip
MAA000597,Skin,Anagen,3_9_M,3,M,9,Multiple,410865.0,86.155,https://s3.amazonaws.com/czbiohub-maca/gc_table_by_plates_zipped//data1/maca/gc_table_by_plates_zipped/MAA000597.zip
MAA000385,Fat,SCAT,3_10_M,3,M,10,Multiple,312963.5,86.0,https://s3.amazonaws.com/czbiohub-maca/gc_table_by_plates_zipped//data1/maca/gc_table_by_plates_zipped/MAA000385.zip
D042103,Muscle,ForelimbandHindlimb,3_11_M,3,M,11,Multiple,417585.5,83.49000000000001,https://s3.amazonaws.com/czbiohub-maca/gc_table_by_plates_zipped//data1/maca/gc_table_by_plates_zipped/D042103.zip
D042473,Muscle,ForelimbandHindlimb,3_10_M,3,M,10,Multiple,521264.0,87.16,https://s3.amazonaws.com/czbiohub-maca/gc_table_by_plates_zipped//data1/maca/gc_table_by_plates_zipped/D042473.zip
B002955,Fat,GAT,3_56_F,3,F,56,Multiple,422166.5,83.48,https://s3.amazonaws.com/czbiohub-maca/gc_table_by_plates_zipped//data1/maca/gc_table_by_plates_zipped/B002955.zip
B002954,Fat,SCAT,3_56_F,3,F,56,Multiple,462325.5,85.58,https://s3.amazonaws.com/czbiohub-maca/gc_table_by_plates_zipped//data1/maca/gc_table_by_plates_zipped/B002954.zip
MAA000587,Heart,LV,3_8_M,3,M,8,Viable,23726.0,74.295,https://s3.amazonaws.com/czbiohub-maca/gc_table_by_plates_zipped//data1/maca/gc_table_by_plates_zipped/MAA000587.zip
B000827,Thymus,Flowthrough,3_38_F,3,F,38,Multiple,472771.0,85.87,https://s3.amazonaws.com/czbiohub-maca/gc_table_by_plates_zipped//data1/maca/gc_table_by_plates_zipped/B000827.zip
MAA000508,Spleen,,3_9_M,3,M,9,Viable,238752.0,83.405,https://s3.amazonaws.com/czbiohub-maca/gc_table_by_plates_zipped//data1/maca/gc_table_by_plates_zipped/MAA000508.zip
MAA000927,Skin,,3_9_M,3,M,9,Multiple,414295.5,86.065,https://s3.amazonaws.com/czbiohub-maca/gc_table_by_plates_zipped//data1/maca/gc_table_by_plates_zipped/MAA000927.zip
MAA100041,Liver,Hepatocytes,3_9_M,3,M,9,,585011.0,78.155,https://s3.amazonaws.com/czbiohub-maca/gc_table_by_plates_zipped//data1/maca/gc_table_by_plates_zipped/MAA100041.zip
MAA000937,Colon,Distal,3_8_M,3,M,8,Multiple,31752.0,75.47,https://s3.amazonaws.com/czbiohub-maca/gc_table_by_plates_zipped//data1/maca/gc_table_by_plates_zipped/MAA000937.zip
D045067,Fat,GAT,3_38_F,3,F,38,Multiple,385806.5,86.96000000000001,https://s3.amazonaws.com/czbiohub-maca/gc_table_by_plates_zipped//data1/maca/gc_table_by_plates_zipped/D045067.zip
D042180,Muscle,Diaphragm,3_10_M,3,M,10,Multiple,14790.5,80.41,https://s3.amazonaws.com/czbiohub-maca/gc_table_by_plates_zipped//data1/maca/gc_table_by_plates_zipped/D042180.zip
MAA000909,Colon,Proximal,3_10_M,3,M,10,Multiple,27827.0,72.58,https://s3.amazonaws.com/czbiohub-maca/gc_table_by_plates_zipped//data1/maca/gc_table_by_plates_zipped/MAA000909.zip
MAA001842,Marrow,T-cells,3_38_F,3,F,38,Multiple,596427.0,84.535,https://s3.amazonaws.com/czbiohub-maca/gc_table_by_plates_zipped//data1/maca/gc_table_by_plates_zipped/MAA001842.zip
B002769,Muscle,ForelimbandHindlimb,3_39_F,3,F,39,"CD31+, CD45+, CD31-CD45-Sca1+, CD31-CD45-Sca1-VCAM1+",452160.5,85.515,https://s3.amazonaws.com/czbiohub-maca/gc_table_by_plates_zipped//data1/maca/gc_table_by_plates_zipped/B002769.zip
MAA000604,Brain,Cortex,3_10_M,3,M,10,Microglia,249347.0,83.03999999999999,https://s3.amazonaws.com/czbiohub-maca/gc_table_by_plates_zipped//data1/maca/gc_table_by_plates_zipped/MAA000604.zip
MAA000526,Lung,,3_9_M,3,M,9,Multiple,543070.0,88.505,https://s3.amazonaws.com/czbiohub-maca/gc_table_by_plates_zipped//data1/maca/gc_table_by_plates_zipped/MAA000526.zip
MAA000612,Colon,Proximal,3_9_M,3,M,9,Multiple,51811.0,74.58,https://s3.amazonaws.com/czbiohub-maca/gc_table_by_plates_zipped//data1/maca/gc_table_by_plates_zipped/MAA000612.zip
B003274,Brain,Striatum,3_38_F,3,F,38,Neurons,433682.5,83.685,https://s3.amazonaws.com/czbiohub-maca/gc_table_by_plates_zipped//data1/maca/gc_table_by_plates_zipped/B003274.zip
MAA001892,Lung,Endomucin,3_38_F,3,F,38,Multiple,407601.5,80.195,https://s3.amazonaws.com/czbiohub-maca/gc_table_by_plates_zipped//data1/maca/gc_table_by_plates_zipped/MAA001892.zip
D041914,Bladder,,3_8_M,3,M,8,Multiple,27854.0,80.79499999999999,https://s3.amazonaws.com/czbiohub-maca/gc_table_by_plates_zipped//data1/maca/gc_table_by_plates_zipped/D041914.zip
B000412,Heart,RA,3_56_F,3,F,56,Viable,447821.5,85.435,https://s3.amazonaws.com/czbiohub-maca/gc_table_by_plates_zipped//data1/maca/gc_table_by_plates_zipped/B000412.zip
B002314,Fat,MAT,3_56_F,3,F,56,Multiple,562578.0,86.59,https://s3.amazonaws.com/czbiohub-maca/gc_table_by_plates_zipped//data1/maca/gc_table_by_plates_zipped/B002314.zip
MAA000545,Kidney,,3_8_M,3,M,8,Viable,591216.5,87.02,https://s3.amazonaws.com/czbiohub-maca/gc_table_by_plates_zipped//data1/maca/gc_table_by_plates_zipped/MAA000545.zip
MAA000571,Brain,Cerebellum,3_9_M,3,M,9,Microglia,512473.0,85.63,https://s3.amazonaws.com/czbiohub-maca/gc_table_by_plates_zipped//data1/maca/gc_table_by_plates_zipped/MAA000571.zip
MAA001454,Muscle,Diaphragm,3_38_F,3,F,38,"CD31+, CD45+, CD31-CD45-Sca1+, CD31-CD45-Sca1-VCAM1+",450447.0,85.33500000000001,https://s3.amazonaws.com/czbiohub-maca/gc_table_by_plates_zipped//data1/maca/gc_table_by_plates_zipped/MAA001454.zip
D045139,Marrow,Granulocytes,3_39_F,3,F,39,Multiple,416045.0,87.015,https://s3.amazonaws.com/czbiohub-maca/gc_table_by_plates_zipped//data1/maca/gc_table_by_plates_zipped/D045139.zip
B000168,Mammary_Gland,Mammary_Gland,3_57_F,3,F,57,Multiple,600027.0,84.455,https://s3.amazonaws.com/czbiohub-maca/gc_table_by_plates_zipped//data1/maca/gc_table_by_plates_zipped/B000168.zip
MAA000924,Brain,Cerebellum,3_8_M,3,M,8,Neurons,240805.0,44.3,https://s3.amazonaws.com/czbiohub-maca/gc_table_by_plates_zipped//data1/maca/gc_table_by_plates_zipped/MAA000924.zip
MAA000496,Trachea,,3_10_M,3,M,10,Multiple,576674.5,86.445,https://s3.amazonaws.com/czbiohub-maca/gc_table_by_plates_zipped//data1/maca/gc_table_by_plates_zipped/MAA000496.zip
B002780,Tongue,,3_38_F,3,F,38,Multiple,437945.5,85.07,https://s3.amazonaws.com/czbiohub-maca/gc_table_by_plates_zipped//data1/maca/gc_table_by_plates_zipped/B002780.zip
MAA000898,Heart,RV,3_11_M,3,M,11,Viable,169669.0,74.4,https://s3.amazonaws.com/czbiohub-maca/gc_table_by_plates_zipped//data1/maca/gc_table_by_plates_zipped/MAA000898.zip
MAA000844,Marrow,T-cells,3_10_M,3,M,10,Multiple,402908.5,83.53,https://s3.amazonaws.com/czbiohub-maca/gc_table_by_plates_zipped//data1/maca/gc_table_by_plates_zipped/MAA000844.zip
MAA001856,Brain,Cerebellum,3_39_F,3,F,39,Neurons,421949.5,86.65,https://s3.amazonaws.com/czbiohub-maca/gc_table_by_plates_zipped//data1/maca/gc_table_by_plates_zipped/MAA001856.zip
MAA001873,Colon,Distal,3_38_F,3,F,38,Multiple,826163.5,80.27,https://s3.amazonaws.com/czbiohub-maca/gc_table_by_plates_zipped//data1/maca/gc_table_by_plates_zipped/MAA001873.zip
MAA000563,Brain,Hippocampus,3_10_M,3,M,10,Neurons,76708.0,61.04,https://s3.amazonaws.com/czbiohub-maca/gc_table_by_plates_zipped//data1/maca/gc_table_by_plates_zipped/MAA000563.zip
MAA001875,Colon,Distal,3_39_F,3,F,39,Multiple,485259.0,83.27,https://s3.amazonaws.com/czbiohub-maca/gc_table_by_plates_zipped//data1/maca/gc_table_by_plates_zipped/MAA001875.zip
D045064,Fat,MAT,3_38_F,3,F,38,Multiple,663436.5,88.64,https://s3.amazonaws.com/czbiohub-maca/gc_table_by_plates_zipped//data1/maca/gc_table_by_plates_zipped/D045064.zip
MAA000801,Kidney,,3_11_M,3,M,11,Viable,402263.5,78.055,https://s3.amazonaws.com/czbiohub-maca/gc_table_by_plates_zipped//data1/maca/gc_table_by_plates_zipped/MAA000801.zip
MAA100042,Liver,Hepatocytes,3_9_M,3,M,9,,373574.0,83.97,https://s3.amazonaws.com/czbiohub-maca/gc_table_by_plates_zipped//data1/maca/gc_table_by_plates_zipped/MAA100042.zip
MAA001853,Brain,Cerebellum,3_38_F,3,F,38,Neurons,22951.5,64.63499999999999,https://s3.amazonaws.com/czbiohub-maca/gc_table_by_plates_zipped//data1/maca/gc_table_by_plates_zipped/MAA001853.zip
D041904,Tongue,,3_10_M,3,M,10,Multiple,604600.0,86.67500000000001,https://s3.amazonaws.com/czbiohub-maca/gc_table_by_plates_zipped//data1/maca/gc_table_by_plates_zipped/D041904.zip
MAA000891,Lung,,3_10_M,3,M,10,Multiple,371015.5,81.49000000000001,https://s3.amazonaws.com/czbiohub-maca/gc_table_by_plates_zipped//data1/maca/gc_table_by_plates_zipped/MAA000891.zip
B002436,Mammary_Gland,Mammary_Gland,3_39_F,3,F,39,Multiple,413615.5,85.32,https://s3.amazonaws.com/czbiohub-maca/gc_table_by_plates_zipped//data1/maca/gc_table_by_plates_zipped/B002436.zip
MAA000593,Brain,Striatum,3_8_M,3,M,8,Microglia,26822.5,74.96000000000001,https://s3.amazonaws.com/czbiohub-maca/gc_table_by_plates_zipped//data1/maca/gc_table_by_plates_zipped/MAA000593.zip
D041911,Tongue,,3_8_M,3,M,8,Multiple,35507.0,83.21000000000001,https://s3.amazonaws.com/czbiohub-maca/gc_table_by_plates_zipped//data1/maca/gc_table_by_plates_zipped/D041911.zip
MAA000641,Brain,Cerebellum,3_9_M,3,M,9,Multiple,231055.5,40.095,https://s3.amazonaws.com/czbiohub-maca/gc_table_by_plates_zipped//data1/maca/gc_table_by_plates_zipped/MAA000641.zip
MAA000531,Fat,MAT,3_8_M,3,M,8,Multiple,27281.5,76.08,https://s3.amazonaws.com/czbiohub-maca/gc_table_by_plates_zipped//data1/maca/gc_table_by_plates_zipped/MAA000531.zip
MAA000776,Spleen,,3_10_M,3,M,10,Viable,92408.0,75.53999999999999,https://s3.amazonaws.com/czbiohub-maca/gc_table_by_plates_zipped//data1/maca/gc_table_by_plates_zipped/MAA000776.zip
MAA000871,Colon,Proximal,3_11_M,3,M,11,Multiple,57414.0,73.16499999999999,https://s3.amazonaws.com/czbiohub-maca/gc_table_by_plates_zipped//data1/maca/gc_table_by_plates_zipped/MAA000871.zip
B002010,Heart,RA,3_39_F,3,F,39,Viable,612043.5,86.68,https://s3.amazonaws.com/czbiohub-maca/gc_table_by_plates_zipped//data1/maca/gc_table_by_plates_zipped/B002010.zip
B002435,Mammary_Gland,Mammary_Gland,3_39_F,3,F,39,Multiple,313162.0,86.395,https://s3.amazonaws.com/czbiohub-maca/gc_table_by_plates_zipped//data1/maca/gc_table_by_plates_zipped/B002435.zip
D042044,Marrow,B-cells,3_9_M,3,M,9,Multiple,26721.5,80.265,https://s3.amazonaws.com/czbiohub-maca/gc_table_by_plates_zipped//data1/maca/gc_table_by_plates_zipped/D042044.zip
MAA000899,Heart,RA,3_10_M,3,M,10,Viable,375227.0,81.14,https://s3.amazonaws.com/czbiohub-maca/gc_table_by_plates_zipped//data1/maca/gc_table_by_plates_zipped/MAA000899.zip
MAA000596,Marrow,KLS,3_9_M,3,M,9,Multiple,451248.0,85.21,https://s3.amazonaws.com/czbiohub-maca/gc_table_by_plates_zipped//data1/maca/gc_table_by_plates_zipped/MAA000596.zip
MAA000930,Brain,Cortex,3_8_M,3,M,8,Neurons,387876.0,86.44,https://s3.amazonaws.com/czbiohub-maca/gc_table_by_plates_zipped//data1/maca/gc_table_by_plates_zipped/MAA000930.zip
B001960,Fat,BAT,3_56_F,3,F,56,Multiple,517719.5,84.945,https://s3.amazonaws.com/czbiohub-maca/gc_table_by_plates_zipped//data1/maca/gc_table_by_plates_zipped/B001960.zip
MAA001871,Brain,Cerebellum,3_39_F,3,F,39,Microglia,520739.0,78.91,https://s3.amazonaws.com/czbiohub-maca/gc_table_by_plates_zipped//data1/maca/gc_table_by_plates_zipped/MAA001871.zip
MAA000435,Skin,Anagen,3_10_M,3,M,10,Multiple,646485.0,85.73,https://s3.amazonaws.com/czbiohub-maca/gc_table_by_plates_zipped//data1/maca/gc_table_by_plates_zipped/MAA000435.zip
D045140,Marrow,Granulocytes,3_38_F,3,F,38,Multiple,619834.5,87.60499999999999,https://s3.amazonaws.com/czbiohub-maca/gc_table_by_plates_zipped//data1/maca/gc_table_by_plates_zipped/D045140.zip
MAA000093,Brain,Brainstem,24_1_M,24,M,1,Neurons,955893.0,86.64,https://s3.amazonaws.com/czbiohub-maca/gc_table_by_plates_zipped//data1/maca/gc_table_by_plates_zipped/MAA000093.zip
D042474,Trachea,,3_8_M,3,M,8,Multiple,8436.0,80.72,https://s3.amazonaws.com/czbiohub-maca/gc_table_by_plates_zipped//data1/maca/gc_table_by_plates_zipped/D042474.zip
MAA000920,Heart,LA,3_11_M,3,M,11,Viable,503603.0,83.82,https://s3.amazonaws.com/czbiohub-maca/gc_table_by_plates_zipped//data1/maca/gc_table_by_plates_zipped/MAA000920.zip
D042475,Trachea,,3_9_M,3,M,9,Multiple,3299.0,78.97,https://s3.amazonaws.com/czbiohub-maca/gc_table_by_plates_zipped//data1/maca/gc_table_by_plates_zipped/D042475.zip
B002438,Mammary_Gland,Mammary_Gland,3_38_F,3,F,38,Multiple,439457.0,87.08,https://s3.amazonaws.com/czbiohub-maca/gc_table_by_plates_zipped//data1/maca/gc_table_by_plates_zipped/B002438.zip
D043520,Fat,MAT,3_39_F,3,F,39,Multiple,565736.5,86.86500000000001,https://s3.amazonaws.com/czbiohub-maca/gc_table_by_plates_zipped//data1/maca/gc_table_by_plates_zipped/D043520.zip
B000610,Bladder,,3_56_F,3,F,56,Multiple,482084.0,85.88499999999999,https://s3.amazonaws.com/czbiohub-maca/gc_table_by_plates_zipped//data1/maca/gc_table_by_plates_zipped/B000610.zip
B002430,Heart,Aorta,3_38_F,3,F,38,Viable,605859.0,84.9,https://s3.amazonaws.com/czbiohub-maca/gc_table_by_plates_zipped//data1/maca/gc_table_by_plates_zipped/B002430.zip
B002433,Mammary_Gland,Mammary_Gland,3_38_F,3,F,38,Multiple,434037.0,86.58,https://s3.amazonaws.com/czbiohub-maca/gc_table_by_plates_zipped//data1/maca/gc_table_by_plates_zipped/B002433.zip
MAA000599,Fat,BAT,3_8_M,3,M,8,Multiple,27848.5,74.28999999999999,https://s3.amazonaws.com/czbiohub-maca/gc_table_by_plates_zipped//data1/maca/gc_table_by_plates_zipped/MAA000599.zip
MAA000614,Skin,,3_10_M,3,M,10,Multiple,371723.5,84.6,https://s3.amazonaws.com/czbiohub-maca/gc_table_by_plates_zipped//data1/maca/gc_table_by_plates_zipped/MAA000614.zip
MAA000591,Brain,Hippocampus,3_8_M,3,M,8,Microglia,409312.5,66.42500000000001,https://s3.amazonaws.com/czbiohub-maca/gc_table_by_plates_zipped//data1/maca/gc_table_by_plates_zipped/MAA000591.zip
B002771,Bladder,,3_39_F,3,F,39,Multiple,474393.0,85.875,https://s3.amazonaws.com/czbiohub-maca/gc_table_by_plates_zipped//data1/maca/gc_table_by_plates_zipped/B002771.zip
MAA000388,Fat,GAT,3_11_M,3,M,11,Multiple,388247.0,84.61500000000001,https://s3.amazonaws.com/czbiohub-maca/gc_table_by_plates_zipped//data1/maca/gc_table_by_plates_zipped/MAA000388.zip
MAA000922,Kidney,,3_9_M,3,M,9,Viable,316637.0,80.62,https://s3.amazonaws.com/czbiohub-maca/gc_table_by_plates_zipped//data1/maca/gc_table_by_plates_zipped/MAA000922.zip
MAA001857,Pancreas,Endocrine,3_38_F,3,F,38,Viable,397683.5,86.24000000000001,https://s3.amazonaws.com/czbiohub-maca/gc_table_by_plates_zipped//data1/maca/gc_table_by_plates_zipped/MAA001857.zip
MAA000581,Brain,Cerebellum,3_10_M,3,M,10,Neurons,126938.5,80.39,https://s3.amazonaws.com/czbiohub-maca/gc_table_by_plates_zipped//data1/maca/gc_table_by_plates_zipped/MAA000581.zip
B002011,Heart,RA,3_38_F,3,F,38,Viable,562820.5,78.91,https://s3.amazonaws.com/czbiohub-maca/gc_table_by_plates_zipped//data1/maca/gc_table_by_plates_zipped/B002011.zip
B002762,Muscle,Diaphragm,3_39_F,3,F,39,"CD31+, CD45+, CD31-CD45-Sca1+, CD31-CD45-Sca1-VCAM1+",167182.5,83.00999999999999,https://s3.amazonaws.com/czbiohub-maca/gc_table_by_plates_zipped//data1/maca/gc_table_by_plates_zipped/B002762.zip
MAA000935,Brain,Hippocampus,3_8_M,3,M,8,Neurons,54207.5,76.435,https://s3.amazonaws.com/czbiohub-maca/gc_table_by_plates_zipped//data1/maca/gc_table_by_plates_zipped/MAA000935.zip
MAA000652,Marrow,B-cells,3_10_M,3,M,10,Multiple,253556.0,83.245,https://s3.amazonaws.com/czbiohub-maca/gc_table_by_plates_zipped//data1/maca/gc_table_by_plates_zipped/MAA000652.zip
MAA001847,Lung,EPCAM,3_39_F,3,F,39,Multiple,436350.5,86.345,https://s3.amazonaws.com/czbiohub-maca/gc_table_by_plates_zipped//data1/maca/gc_table_by_plates_zipped/MAA001847.zip
MAA000399,Heart,RV,3_9_M,3,M,9,Viable,340897.5,81.095,https://s3.amazonaws.com/czbiohub-maca/gc_table_by_plates_zipped//data1/maca/gc_table_by_plates_zipped/MAA000399.zip
MAA000605,Brain,Cerebellum,3_10_M,3,M,10,Microglia,254245.0,83.435,https://s3.amazonaws.com/czbiohub-maca/gc_table_by_plates_zipped//data1/maca/gc_table_by_plates_zipped/MAA000605.zip
D041894,Tongue,,3_9_M,3,M,9,Multiple,488665.0,87.18,https://s3.amazonaws.com/czbiohub-maca/gc_table_by_plates_zipped//data1/maca/gc_table_by_plates_zipped/D041894.zip
MAA100097,Heart,LA/RA,3_38_F/3_39_F,,,,cardiomyocytes,484462.0,77.62,https://s3.amazonaws.com/czbiohub-maca/gc_table_by_plates_zipped//data1/maca/gc_table_by_plates_zipped/MAA100097.zip
MAA000848,Marrow,KLS,3_10_M,3,M,10,Multiple,487540.0,84.61500000000001,https://s3.amazonaws.com/czbiohub-maca/gc_table_by_plates_zipped//data1/maca/gc_table_by_plates_zipped/MAA000848.zip
B000167,Mammary_Gland,Mammary_Gland,3_56_F,3,F,56,Multiple,378911.0,80.25,https://s3.amazonaws.com/czbiohub-maca/gc_table_by_plates_zipped//data1/maca/gc_table_by_plates_zipped/B000167.zip
B002437,Mammary_Gland,Mammary_Gland,3_39_F,3,F,39,Multiple,365724.5,84.92500000000001,https://s3.amazonaws.com/czbiohub-maca/gc_table_by_plates_zipped//data1/maca/gc_table_by_plates_zipped/B002437.zip
MAA000752,Kidney,,3_10_M,3,M,10,Viable,403065.0,83.14,https://s3.amazonaws.com/czbiohub-maca/gc_table_by_plates_zipped//data1/maca/gc_table_by_plates_zipped/MAA000752.zip
B002309,Mammary_Gland,Mammary_Gland,3_57_F,3,F,57,Multiple,542188.0,85.36500000000001,https://s3.amazonaws.com/czbiohub-maca/gc_table_by_plates_zipped//data1/maca/gc_table_by_plates_zipped/B002309.zip
B003275,Brain,Hippocampus,3_38_F,3,F,38,Neurons,328005.5,84.75999999999999,https://s3.amazonaws.com/czbiohub-maca/gc_table_by_plates_zipped//data1/maca/gc_table_by_plates_zipped/B003275.zip
MAA000226,Marrow,T-cells,30_2_M,30,M,2,Sytox-CD2+CD90mid/hi?,1118778.0,85.22,https://s3.amazonaws.com/czbiohub-maca/gc_table_by_plates_zipped//data1/maca/gc_table_by_plates_zipped/MAA000226.zip
MAA001844,Marrow,KLS,3_38_F,3,F,38,Multiple,642326.5,85.635,https://s3.amazonaws.com/czbiohub-maca/gc_table_by_plates_zipped//data1/maca/gc_table_by_plates_zipped/MAA001844.zip
B003728,Brain,Striatum,3_56_F,3,F,56,Neurons,199112.0,67.315,https://s3.amazonaws.com/czbiohub-maca/gc_table_by_plates_zipped//data1/maca/gc_table_by_plates_zipped/B003728.zip
MAA001887,Marrow,KLS,3_39_F,3,F,39,Multiple,546599.0,79.64,https://s3.amazonaws.com/czbiohub-maca/gc_table_by_plates_zipped//data1/maca/gc_table_by_plates_zipped/MAA001887.zip
MAA000205,Brain,Striatum,30_2_M,30,M,2,Neurons,930768.0,85.91,https://s3.amazonaws.com/czbiohub-maca/gc_table_by_plates_zipped//data1/maca/gc_table_by_plates_zipped/MAA000205.zip
MAA000578,Brain,Cerebellum,3_10_M,3,M,10,Neurons,15734.5,75.92,https://s3.amazonaws.com/czbiohub-maca/gc_table_by_plates_zipped//data1/maca/gc_table_by_plates_zipped/MAA000578.zip
D042193,Marrow,T-cells,3_8_M,3,M,8,Multiple,19818.0,80.57499999999999,https://s3.amazonaws.com/czbiohub-maca/gc_table_by_plates_zipped//data1/maca/gc_table_by_plates_zipped/D042193.zip
MAA100037,Heart,?,3_10_M/3_11_M,,,,cardiomyocytes,377728.5,80.16499999999999,https://s3.amazonaws.com/czbiohub-maca/gc_table_by_plates_zipped//data1/maca/gc_table_by_plates_zipped/MAA100037.zip
MAA001868,Pancreas,Exocrine,3_38_F,3,F,38,Viable,446699.5,80.175,https://s3.amazonaws.com/czbiohub-maca/gc_table_by_plates_zipped//data1/maca/gc_table_by_plates_zipped/MAA001868.zip
MAA000914,Fat,MAT,3_9_M,3,M,9,Multiple,209477.5,68.065,https://s3.amazonaws.com/czbiohub-maca/gc_table_by_plates_zipped//data1/maca/gc_table_by_plates_zipped/MAA000914.zip
MAA000906,Heart,Aorta,3_11_M,3,M,11,Viable,333012.5,81.505,https://s3.amazonaws.com/czbiohub-maca/gc_table_by_plates_zipped//data1/maca/gc_table_by_plates_zipped/MAA000906.zip
MAA001869,Colon,Proximal,3_38_F,3,F,38,Multiple,404378.5,76.41499999999999,https://s3.amazonaws.com/czbiohub-maca/gc_table_by_plates_zipped//data1/maca/gc_table_by_plates_zipped/MAA001869.zip
MAA000427,Skin,Anagen,3_11_M,3,M,11,Multiple,511876.0,87.315,https://s3.amazonaws.com/czbiohub-maca/gc_table_by_plates_zipped//data1/maca/gc_table_by_plates_zipped/MAA000427.zip
B001750,Spleen,,3_38_F,3,F,38,Viable,477286.5,84.125,https://s3.amazonaws.com/czbiohub-maca/gc_table_by_plates_zipped//data1/maca/gc_table_by_plates_zipped/B001750.zip
MAA000639,Marrow,Granulocytes,3_9_M,3,M,9,Multiple,404674.5,84.81,https://s3.amazonaws.com/czbiohub-maca/gc_table_by_plates_zipped//data1/maca/gc_table_by_plates_zipped/MAA000639.zip
B003292,Brain,Striatum,3_39_F,3,F,39,Microglia,541576.5,89.49,https://s3.amazonaws.com/czbiohub-maca/gc_table_by_plates_zipped//data1/maca/gc_table_by_plates_zipped/B003292.zip
MAA000441,Fat,BAT,3_10_M,3,M,10,Multiple,466048.5,85.2,https://s3.amazonaws.com/czbiohub-maca/gc_table_by_plates_zipped//data1/maca/gc_table_by_plates_zipped/MAA000441.zip
D043522,Lung,Endomucin,3_39_F,3,F,39,Multiple,519078.0,87.75999999999999,https://s3.amazonaws.com/czbiohub-maca/gc_table_by_plates_zipped//data1/maca/gc_table_by_plates_zipped/D043522.zip
MAA000574,Pancreas,Exocrine,3_8_M,3,M,8,Viable,440152.5,81.28,https://s3.amazonaws.com/czbiohub-maca/gc_table_by_plates_zipped//data1/maca/gc_table_by_plates_zipped/MAA000574.zip
B002432,Mammary_Gland,Mammary_Gland,3_38_F,3,F,38,Multiple,625602.0,84.89,https://s3.amazonaws.com/czbiohub-maca/gc_table_by_plates_zipped//data1/maca/gc_table_by_plates_zipped/B002432.zip
MAA000572,Brain,Cortex,3_8_M,3,M,8,Microglia,485226.5,85.765,https://s3.amazonaws.com/czbiohub-maca/gc_table_by_plates_zipped//data1/maca/gc_table_by_plates_zipped/MAA000572.zip
D042479,Marrow,B-cells,3_8_M,3,M,8,Multiple,29239.0,81.185,https://s3.amazonaws.com/czbiohub-maca/gc_table_by_plates_zipped//data1/maca/gc_table_by_plates_zipped/D042479.zip
MAA000919,Heart,LA,3_10_M,3,M,10,Viable,315280.0,81.325,https://s3.amazonaws.com/czbiohub-maca/gc_table_by_plates_zipped//data1/maca/gc_table_by_plates_zipped/MAA000919.zip
B000826,Brain,Cortex,3_39_F,3,F,39,Microglia,388555.5,87.325,https://s3.amazonaws.com/czbiohub-maca/gc_table_by_plates_zipped//data1/maca/gc_table_by_plates_zipped/B000826.zip
MAA001872,Colon,Proximal,3_39_F,3,F,39,Multiple,567945.0,80.125,https://s3.amazonaws.com/czbiohub-maca/gc_table_by_plates_zipped//data1/maca/gc_table_by_plates_zipped/MAA001872.zip
MAA000099,Brain,Brainstem,24_1_M,24,M,1,Neurons,794853.0,87.64,https://s3.amazonaws.com/czbiohub-maca/gc_table_by_plates_zipped//data1/maca/gc_table_by_plates_zipped/MAA000099.zip
MAA000589,Heart,LV,3_9_M,3,M,9,Viable,382930.5,81.27,https://s3.amazonaws.com/czbiohub-maca/gc_table_by_plates_zipped//data1/maca/gc_table_by_plates_zipped/MAA000589.zip
MAA001854,Brain,Cerebellum,3_38_F,3,F,38,Neurons,334686.5,86.405,https://s3.amazonaws.com/czbiohub-maca/gc_table_by_plates_zipped//data1/maca/gc_table_by_plates_zipped/MAA001854.zip
MAA000595,Heart,Aorta,3_9_M,3,M,9,Viable,443525.5,71.845,https://s3.amazonaws.com/czbiohub-maca/gc_table_by_plates_zipped//data1/maca/gc_table_by_plates_zipped/MAA000595.zip
D042185,Muscle,ForelimbandHindlimb,3_9_M,3,M,9,Multiple,599391.5,86.505,https://s3.amazonaws.com/czbiohub-maca/gc_table_by_plates_zipped//data1/maca/gc_table_by_plates_zipped/D042185.zip
MAA000530,Lung,,3_8_M,3,M,8,Multiple,559716.0,86.785,https://s3.amazonaws.com/czbiohub-maca/gc_table_by_plates_zipped//data1/maca/gc_table_by_plates_zipped/MAA000530.zip
MAA000228,Brain,Cortex,30_2_M,30,M,2,Neurons,1101670.0,86.42,https://s3.amazonaws.com/czbiohub-maca/gc_table_by_plates_zipped//data1/maca/gc_table_by_plates_zipped/MAA000228.zip
MAA001861,Pancreas,Exocrine,3_39_F,3,F,39,Viable,462713.5,84.84,https://s3.amazonaws.com/czbiohub-maca/gc_table_by_plates_zipped//data1/maca/gc_table_by_plates_zipped/MAA001861.zip
D042467,Marrow,T-cells,3_9_M,3,M,9,Multiple,49385.0,82.13499999999999,https://s3.amazonaws.com/czbiohub-maca/gc_table_by_plates_zipped//data1/maca/gc_table_by_plates_zipped/D042467.zip
MAA000199,Pancreas,Endocrine,30_2_M,30,M,2,Viable,852805.0,79.95,https://s3.amazonaws.com/czbiohub-maca/gc_table_by_plates_zipped//data1/maca/gc_table_by_plates_zipped/MAA000199.zip
MAA000487,Bladder,,3_10_M,3,M,10,Multiple,486860.5,84.9,https://s3.amazonaws.com/czbiohub-maca/gc_table_by_plates_zipped//data1/maca/gc_table_by_plates_zipped/MAA000487.zip
B003277,Brain,Hippocampus,3_39_F,3,F,39,Neurons,421406.5,80.735,https://s3.amazonaws.com/czbiohub-maca/gc_table_by_plates_zipped//data1/maca/gc_table_by_plates_zipped/B003277.zip
B003291,Thymus,Flowthrough,3_39_F,3,F,39,Multiple,603098.0,88.34,https://s3.amazonaws.com/czbiohub-maca/gc_table_by_plates_zipped//data1/maca/gc_table_by_plates_zipped/B003291.zip
MAA000550,Brain,Hippocampus,3_10_M,3,M,10,Neurons,3859.5,73.695,https://s3.amazonaws.com/czbiohub-maca/gc_table_by_plates_zipped//data1/maca/gc_table_by_plates_zipped/MAA000550.zip
MAA000873,Fat,MAT,3_10_M,3,M,10,Multiple,408283.5,80.445,https://s3.amazonaws.com/czbiohub-maca/gc_table_by_plates_zipped//data1/maca/gc_table_by_plates_zipped/MAA000873.zip
B000971,Spleen,,3_39_F,3,F,39,Viable,622976.5,85.09,https://s3.amazonaws.com/czbiohub-maca/gc_table_by_plates_zipped//data1/maca/gc_table_by_plates_zipped/B000971.zip
MAA001895,Brain,Cortex,3_38_F,3,F,38,Neurons,241857.5,85.715,https://s3.amazonaws.com/czbiohub-maca/gc_table_by_plates_zipped//data1/maca/gc_table_by_plates_zipped/MAA001895.zip
MAA000140,Heart,RV,30_2_M,30,M,2,Viable,801900.0,82.465,https://s3.amazonaws.com/czbiohub-maca/gc_table_by_plates_zipped//data1/maca/gc_table_by_plates_zipped/MAA000140.zip
MAA000870,Colon,Distal,3_10_M,3,M,10,Multiple,479086.5,79.455,https://s3.amazonaws.com/czbiohub-maca/gc_table_by_plates_zipped//data1/maca/gc_table_by_plates_zipped/MAA000870.zip
MAA000144,Kidney,,30_2_M,30,M,2,Viable,819552.5,83.055,https://s3.amazonaws.com/czbiohub-maca/gc_table_by_plates_zipped//data1/maca/gc_table_by_plates_zipped/MAA000144.zip
B000634,Heart,LA,3_56_F,3,F,56,Viable,501895.0,85.525,https://s3.amazonaws.com/czbiohub-maca/gc_table_by_plates_zipped//data1/maca/gc_table_by_plates_zipped/B000634.zip
MAA000908,Heart,Aorta,3_10_M,3,M,10,Viable,162691.0,70.685,https://s3.amazonaws.com/czbiohub-maca/gc_table_by_plates_zipped//data1/maca/gc_table_by_plates_zipped/MAA000908.zip
B003283,Skin,,3_38_F,3,F,38,Multiple,551779.5,86.88499999999999,https://s3.amazonaws.com/czbiohub-maca/gc_table_by_plates_zipped//data1/maca/gc_table_by_plates_zipped/B003283.zip
MAA000947,Brain,Hippocampus,3_9_M,3,M,9,Neurons,96125.5,77.875,https://s3.amazonaws.com/czbiohub-maca/gc_table_by_plates_zipped//data1/maca/gc_table_by_plates_zipped/MAA000947.zip
MAA001894,Brain,Cortex,3_39_F,3,F,39,Neurons,280839.0,85.71000000000001,https://s3.amazonaws.com/czbiohub-maca/gc_table_by_plates_zipped//data1/maca/gc_table_by_plates_zipped/MAA001894.zip
MAA001884,Marrow,B-cells,3_38_F,3,F,38,Multiple,736746.5,84.745,https://s3.amazonaws.com/czbiohub-maca/gc_table_by_plates_zipped//data1/maca/gc_table_by_plates_zipped/MAA001884.zip
MAA000934,Fat,SCAT,3_9_M,3,M,9,Multiple,396239.5,85.385,https://s3.amazonaws.com/czbiohub-maca/gc_table_by_plates_zipped//data1/maca/gc_table_by_plates_zipped/MAA000934.zip
B000825,Brain,Striatum,3_38_F,3,F,38,Microglia,670709.0,82.265,https://s3.amazonaws.com/czbiohub-maca/gc_table_by_plates_zipped//data1/maca/gc_table_by_plates_zipped/B000825.zip
MAA001888,Marrow,T-cells,3_39_F,3,F,39,Multiple,558324.5,87.16499999999999,https://s3.amazonaws.com/czbiohub-maca/gc_table_by_plates_zipped//data1/maca/gc_table_by_plates_zipped/MAA001888.zip
MAA000452,Heart,RV,3_8_M,3,M,8,Viable,48501.5,77.545,https://s3.amazonaws.com/czbiohub-maca/gc_table_by_plates_zipped//data1/maca/gc_table_by_plates_zipped/MAA000452.zip
MAA000940,Brain,Striatum,3_8_M,3,M,8,Neurons,34591.0,79.525,https://s3.amazonaws.com/czbiohub-maca/gc_table_by_plates_zipped//data1/maca/gc_table_by_plates_zipped/MAA000940.zip
MAA000442,Fat,BAT,3_11_M,3,M,11,Multiple,457718.5,83.36500000000001,https://s3.amazonaws.com/czbiohub-maca/gc_table_by_plates_zipped//data1/maca/gc_table_by_plates_zipped/MAA000442.zip
B001689,Brain,Hippocampus,3_38_F,3,F,38,Microglia,523825.0,91.595,https://s3.amazonaws.com/czbiohub-maca/gc_table_by_plates_zipped//data1/maca/gc_table_by_plates_zipped/B001689.zip
MAA000592,Brain,Hippocampus,3_9_M,3,M,9,Microglia,472359.0,85.3,https://s3.amazonaws.com/czbiohub-maca/gc_table_by_plates_zipped//data1/maca/gc_table_by_plates_zipped/MAA000592.zip
MAA001539,Colon,Distal,3_56_F,3,F,56,Multiple,488192.0,82.31,https://s3.amazonaws.com/czbiohub-maca/gc_table_by_plates_zipped//data1/maca/gc_table_by_plates_zipped/MAA001539.zip
MAA001862,Pancreas,Endocrine,3_39_F,3,F,39,Viable,543441.5,87.025,https://s3.amazonaws.com/czbiohub-maca/gc_table_by_plates_zipped//data1/maca/gc_table_by_plates_zipped/MAA001862.zip
MAA000880,Thymus,,3_11_M,3,M,11,Multiple,468451.0,78.995,https://s3.amazonaws.com/czbiohub-maca/gc_table_by_plates_zipped//data1/maca/gc_table_by_plates_zipped/MAA000880.zip
D042105,Muscle,Diaphragm,3_11_M,3,M,11,Multiple,556269.0,86.32499999999999,https://s3.amazonaws.com/czbiohub-maca/gc_table_by_plates_zipped//data1/maca/gc_table_by_plates_zipped/D042105.zip
MAA000145,Spleen,,30_2_M,30,M,2,Viable,1074727.0,73.38,https://s3.amazonaws.com/czbiohub-maca/gc_table_by_plates_zipped//data1/maca/gc_table_by_plates_zipped/MAA000145.zip
B001688,Brain,Hippocampus,3_38_F,3,F,38,Neurons,525252.5,90.66,https://s3.amazonaws.com/czbiohub-maca/gc_table_by_plates_zipped//data1/maca/gc_table_by_plates_zipped/B001688.zip
B000126,Skin,,3_39_F,3,F,39,Multiple,425639.5,86.56,https://s3.amazonaws.com/czbiohub-maca/gc_table_by_plates_zipped//data1/maca/gc_table_by_plates_zipped/B000126.zip
B003284,Thymus,Epithelium,3_39_F,3,F,39,Multiple,338779.5,85.60499999999999,https://s3.amazonaws.com/czbiohub-maca/gc_table_by_plates_zipped//data1/maca/gc_table_by_plates_zipped/B003284.zip
MAA100140,Liver,Hepatocytes,3_57_F,3,F,57,,228372.0,84.49000000000001,https://s3.amazonaws.com/czbiohub-maca/gc_table_by_plates_zipped//data1/maca/gc_table_by_plates_zipped/MAA100140.zip
B002427,Heart,LA,3_39_F,3,F,39,Viable,564774.5,89.37,https://s3.amazonaws.com/czbiohub-maca/gc_table_by_plates_zipped//data1/maca/gc_table_by_plates_zipped/B002427.zip
B002423,Heart,RV,3_39_F,3,F,39,Viable,560943.0,87.015,https://s3.amazonaws.com/czbiohub-maca/gc_table_by_plates_zipped//data1/maca/gc_table_by_plates_zipped/B002423.zip
MAA000603,Brain,Hippocampus,3_10_M,3,M,10,Microglia,458410.0,85.02000000000001,https://s3.amazonaws.com/czbiohub-maca/gc_table_by_plates_zipped//data1/maca/gc_table_by_plates_zipped/MAA000603.zip
MAA000077,Mammary_Gland,Mammary_Gland,24_1_M,24,M,1,MRUs(F),857249.0,87.2,https://s3.amazonaws.com/czbiohub-maca/gc_table_by_plates_zipped//data1/maca/gc_table_by_plates_zipped/MAA000077.zip
B002765,Muscle,ForelimbandHindlimb,3_38_F,3,F,38,"CD31+, CD45+, CD31-CD45-Sca1+, CD31-CD45-Sca1-VCAM1+",532520.5,84.73,https://s3.amazonaws.com/czbiohub-maca/gc_table_by_plates_zipped//data1/maca/gc_table_by_plates_zipped/B002765.zip
MAA100096,Heart,?,3_38_F/3_39_F,,,,cardiomyocytes,145481.5,75.62,https://s3.amazonaws.com/czbiohub-maca/gc_table_by_plates_zipped//data1/maca/gc_table_by_plates_zipped/MAA100096.zip
MAA000072,Heart,LV,24_1_M,24,M,1,Viable,786863.0,51.31,https://s3.amazonaws.com/czbiohub-maca/gc_table_by_plates_zipped//data1/maca/gc_table_by_plates_zipped/MAA000072.zip
D042253,Bladder,,3_9_M,3,M,9,Multiple,10713.5,81.125,https://s3.amazonaws.com/czbiohub-maca/gc_table_by_plates_zipped//data1/maca/gc_table_by_plates_zipped/D042253.zip
MAA100040,Liver,Hepatocytes,3_11_M,3,M,11,,370448.5,77.995,https://s3.amazonaws.com/czbiohub-maca/gc_table_by_plates_zipped//data1/maca/gc_table_by_plates_zipped/MAA100040.zip
B001717,Kidney,,3_38_F,3,F,38,Viable,399109.5,79.50999999999999,https://s3.amazonaws.com/czbiohub-maca/gc_table_by_plates_zipped//data1/maca/gc_table_by_plates_zipped/B001717.zip
MAA000638,Brain,Cerebellum,3_9_M,3,M,9,Neurons,245118.5,49.435,https://s3.amazonaws.com/czbiohub-maca/gc_table_by_plates_zipped//data1/maca/gc_table_by_plates_zipped/MAA000638.zip
MAA000923,Brain,Hippocampus,3_9_M,3,M,9,Neurons,32899.5,73.54,https://s3.amazonaws.com/czbiohub-maca/gc_table_by_plates_zipped//data1/maca/gc_table_by_plates_zipped/MAA000923.zip
MAA000936,Heart,RA,3_9_M,3,M,9,Viable,465110.5,86.14500000000001,https://s3.amazonaws.com/czbiohub-maca/gc_table_by_plates_zipped//data1/maca/gc_table_by_plates_zipped/MAA000936.zip
B000633,Heart,RV,3_56_F,3,F,56,Viable,504047.5,86.85499999999999,https://s3.amazonaws.com/czbiohub-maca/gc_table_by_plates_zipped//data1/maca/gc_table_by_plates_zipped/B000633.zip
MAA000549,Skin,Anagen,3_8_M,3,M,8,Multiple,244206.0,83.09,https://s3.amazonaws.com/czbiohub-maca/gc_table_by_plates_zipped//data1/maca/gc_table_by_plates_zipped/MAA000549.zip
MAA000918,Heart,LV,3_10_M,3,M,10,Viable,316889.5,82.26,https://s3.amazonaws.com/czbiohub-maca/gc_table_by_plates_zipped//data1/maca/gc_table_by_plates_zipped/MAA000918.zip
B003285,Thymus,Epithelium,3_38_F,3,F,38,Multiple,340119.0,83.16499999999999,https://s3.amazonaws.com/czbiohub-maca/gc_table_by_plates_zipped//data1/maca/gc_table_by_plates_zipped/B003285.zip
D041912,Marrow,Granulocytes,3_8_M,3,M,8,Multiple,3681.0,79.135,https://s3.amazonaws.com/czbiohub-maca/gc_table_by_plates_zipped//data1/maca/gc_table_by_plates_zipped/D041912.zip
MAA000556,Fat,BAT,3_9_M,3,M,9,Multiple,383416.5,81.675,https://s3.amazonaws.com/czbiohub-maca/gc_table_by_plates_zipped//data1/maca/gc_table_by_plates_zipped/MAA000556.zip
MAA000409,Marrow,Granulocytes,3_10_M,3,M,10,Multiple,433136.0,88.79,https://s3.amazonaws.com/czbiohub-maca/gc_table_by_plates_zipped//data1/maca/gc_table_by_plates_zipped/MAA000409.zip
B000404,Brain,Cerebellum,3_56_F,3,F,56,Neurons,439997.5,86.66,https://s3.amazonaws.com/czbiohub-maca/gc_table_by_plates_zipped//data1/maca/gc_table_by_plates_zipped/B000404.zip
MAA000901,Heart,RV,3_10_M,3,M,10,Viable,270971.0,79.88,https://s3.amazonaws.com/czbiohub-maca/gc_table_by_plates_zipped//data1/maca/gc_table_by_plates_zipped/MAA000901.zip
B003290,Brain,Striatum,3_38_F,3,F,38,Neurons,332413.5,83.985,https://s3.amazonaws.com/czbiohub-maca/gc_table_by_plates_zipped//data1/maca/gc_table_by_plates_zipped/B003290.zip
MAA000615,Brain,Striatum,3_10_M,3,M,10,Neurons,52546.0,54.92,https://s3.amazonaws.com/czbiohub-maca/gc_table_by_plates_zipped//data1/maca/gc_table_by_plates_zipped/MAA000615.zip
B000127,Fat,SCAT,3_38_F,3,F,38,Multiple,546166.5,87.67,https://s3.amazonaws.com/czbiohub-maca/gc_table_by_plates_zipped//data1/maca/gc_table_by_plates_zipped/B000127.zip
MAA000839,Lung,,3_11_M,3,M,11,Multiple,331990.5,80.085,https://s3.amazonaws.com/czbiohub-maca/gc_table_by_plates_zipped//data1/maca/gc_table_by_plates_zipped/MAA000839.zip
MAA001889,Lung,EPCAM,3_38_F,3,F,38,Multiple,525700.0,85.02000000000001,https://s3.amazonaws.com/czbiohub-maca/gc_table_by_plates_zipped//data1/maca/gc_table_by_plates_zipped/MAA001889.zip
MAA000607,Thymus,,3_9_M,3,M,9,Multiple,318989.5,83.995,https://s3.amazonaws.com/czbiohub-maca/gc_table_by_plates_zipped//data1/maca/gc_table_by_plates_zipped/MAA000607.zip
B002764,Bladder,,3_38_F,3,F,38,Multiple,146313.5,84.67,https://s3.amazonaws.com/czbiohub-maca/gc_table_by_plates_zipped//data1/maca/gc_table_by_plates_zipped/B002764.zip
B003281,Brain,Hippocampus,3_39_F,3,F,39,Microglia,368677.5,85.4,https://s3.amazonaws.com/czbiohub-maca/gc_table_by_plates_zipped//data1/maca/gc_table_by_plates_zipped/B003281.zip
D043526,Fat,SCAT,3_39_F,3,F,39,Multiple,428514.5,88.11,https://s3.amazonaws.com/czbiohub-maca/gc_table_by_plates_zipped//data1/maca/gc_table_by_plates_zipped/D043526.zip
B002775,Kidney,,3_39_F,3,F,39,Viable,422421.5,85.025,https://s3.amazonaws.com/czbiohub-maca/gc_table_by_plates_zipped//data1/maca/gc_table_by_plates_zipped/B002775.zip
MAA001883,Marrow,B-cells,3_39_F,3,F,39,Multiple,681925.5,84.59,https://s3.amazonaws.com/czbiohub-maca/gc_table_by_plates_zipped//data1/maca/gc_table_by_plates_zipped/MAA001883.zip
B002707,Fat,BAT,3_39_F,3,F,39,Multiple,179133.5,82.255,https://s3.amazonaws.com/czbiohub-maca/gc_table_by_plates_zipped//data1/maca/gc_table_by_plates_zipped/B002707.zip
MAA000938,Skin,,3_8_M,3,M,8,Multiple,222886.5,85.405,https://s3.amazonaws.com/czbiohub-maca/gc_table_by_plates_zipped//data1/maca/gc_table_by_plates_zipped/MAA000938.zip
MAA000377,Liver,Non-hepatocytes,3_9_M,3,M,9,Viable,309888.5,85.29499999999999,https://s3.amazonaws.com/czbiohub-maca/gc_table_by_plates_zipped//data1/maca/gc_table_by_plates_zipped/MAA000377.zip
MAA001867,Trachea,,3_39_F,3,F,39,Multiple,443748.5,87.125,https://s3.amazonaws.com/czbiohub-maca/gc_table_by_plates_zipped//data1/maca/gc_table_by_plates_zipped/MAA001867.zip
MAA000386,Fat,SCAT,3_11_M,3,M,11,Multiple,411719.5,85.795,https://s3.amazonaws.com/czbiohub-maca/gc_table_by_plates_zipped//data1/maca/gc_table_by_plates_zipped/MAA000386.zip
MAA000439,Fat,GAT,3_10_M,3,M,10,Multiple,554794.5,85.8,https://s3.amazonaws.com/czbiohub-maca/gc_table_by_plates_zipped//data1/maca/gc_table_by_plates_zipped/MAA000439.zip
MAA000925,Brain,Striatum,3_9_M,3,M,9,Neurons,317158.5,83.445,https://s3.amazonaws.com/czbiohub-maca/gc_table_by_plates_zipped//data1/maca/gc_table_by_plates_zipped/MAA000925.zip
MAA000617,Brain,Striatum,3_10_M,3,M,10,Microglia,264132.0,84.245,https://s3.amazonaws.com/czbiohub-maca/gc_table_by_plates_zipped//data1/maca/gc_table_by_plates_zipped/MAA000617.zip
MAA000559,Spleen,,3_8_M,3,M,8,Viable,9900.5,72.465,https://s3.amazonaws.com/czbiohub-maca/gc_table_by_plates_zipped//data1/maca/gc_table_by_plates_zipped/MAA000559.zip
MAA000094,Brain,Hippocampus,24_1_M,24,M,1,Neurons,1202664.0,87.37,https://s3.amazonaws.com/czbiohub-maca/gc_table_by_plates_zipped//data1/maca/gc_table_by_plates_zipped/MAA000094.zip
B003279,Brain,Cerebellum,3_38_F,3,F,38,Microglia,584398.0,83.93,https://s3.amazonaws.com/czbiohub-maca/gc_table_by_plates_zipped//data1/maca/gc_table_by_plates_zipped/B003279.zip
MAA100039,Liver,Hepatocytes,3_11_M,3,M,11,,432392.5,81.945,https://s3.amazonaws.com/czbiohub-maca/gc_table_by_plates_zipped//data1/maca/gc_table_by_plates_zipped/MAA100039.zip
B001216,Fat,BAT,3_38_F,3,F,38,Multiple,678579.0,82.0,https://s3.amazonaws.com/czbiohub-maca/gc_table_by_plates_zipped//data1/maca/gc_table_by_plates_zipped/B001216.zip
MAA000928,Brain,Cerebellum,3_9_M,3,M,9,Neurons,55881.0,72.85,https://s3.amazonaws.com/czbiohub-maca/gc_table_by_plates_zipped//data1/maca/gc_table_by_plates_zipped/MAA000928.zip
B002777,Tongue,,3_39_F,3,F,39,Multiple,401794.5,83.875,https://s3.amazonaws.com/czbiohub-maca/gc_table_by_plates_zipped//data1/maca/gc_table_by_plates_zipped/B002777.zip
MAA000398,Heart,LA,3_9_M,3,M,9,Viable,403096.0,86.26,https://s3.amazonaws.com/czbiohub-maca/gc_table_by_plates_zipped//data1/maca/gc_table_by_plates_zipped/MAA000398.zip
MAA000554,Fat,GAT,3_8_M,3,M,8,Multiple,12066.0,72.78,https://s3.amazonaws.com/czbiohub-maca/gc_table_by_plates_zipped//data1/maca/gc_table_by_plates_zipped/MAA000554.zip
MAA000903,Heart,RA,3_11_M,3,M,11,Viable,308566.5,79.70500000000001,https://s3.amazonaws.com/czbiohub-maca/gc_table_by_plates_zipped//data1/maca/gc_table_by_plates_zipped/MAA000903.zip
MAA000590,Brain,Striatum,3_9_M,3,M,9,Microglia,561701.0,82.45500000000001,https://s3.amazonaws.com/czbiohub-maca/gc_table_by_plates_zipped//data1/maca/gc_table_by_plates_zipped/MAA000590.zip
MAA000913,Fat,GAT,3_9_M,3,M,9,Multiple,414392.0,82.60499999999999,https://s3.amazonaws.com/czbiohub-maca/gc_table_by_plates_zipped//data1/maca/gc_table_by_plates_zipped/MAA000913.zip
MAA000944,Brain,Cortex,3_9_M,3,M,9,Neurons,235919.0,85.13,https://s3.amazonaws.com/czbiohub-maca/gc_table_by_plates_zipped//data1/maca/gc_table_by_plates_zipped/MAA000944.zip
MAA000570,Brain,Cerebellum,3_8_M,3,M,8,Microglia,418185.0,81.44999999999999,https://s3.amazonaws.com/czbiohub-maca/gc_table_by_plates_zipped//data1/maca/gc_table_by_plates_zipped/MAA000570.zip
MAA000586,Heart,RA,3_8_M,3,M,8,Viable,5167.5,74.78999999999999,https://s3.amazonaws.com/czbiohub-maca/gc_table_by_plates_zipped//data1/maca/gc_table_by_plates_zipped/MAA000586.zip
MAA000877,Fat,MAT,3_11_M,3,M,11,Multiple,515601.0,86.44999999999999,https://s3.amazonaws.com/czbiohub-maca/gc_table_by_plates_zipped//data1/maca/gc_table_by_plates_zipped/MAA000877.zip
MAA000941,Brain,Hippocampus,3_8_M,3,M,8,Neurons,241425.5,84.53,https://s3.amazonaws.com/czbiohub-maca/gc_table_by_plates_zipped//data1/maca/gc_table_by_plates_zipped/MAA000941.zip
